Country_Name_Short,Indicator_SubType,Year,Value
Afghanistan,Consumer price index (2010 = 100),2012,110.230937685245
Afghanistan,Consumer price index (2010 = 100),2013,115.018676610491
Afghanistan,Consumer price index (2010 = 100),2014,118.950430995715
Afghanistan,Consumer price index (2010 = 100),2015,121.791824121623
Afghanistan,Consumer price index (2010 = 100),2016,127.209662777719
Afghanistan,Consumer price index (2010 = 100),2017,132.838100804773
Afghanistan,Consumer price index (2010 = 100),2018,137.822002853775
Afghanistan,Consumer price index (2010 = 100),2019,142.921394880398
Afghanistan,Consumer price index (2010 = 100),2020,147.515518254925
Afghanistan,Consumer price index (2010 = 100),2021,153.80123012521
Afghanistan,"GDP per capita, PPP (constant 2017 international $)",2012,7590.75546737921
Afghanistan,"GDP per capita, PPP (constant 2017 international $)",2013,7734.11770732066
Afghanistan,"GDP per capita, PPP (constant 2017 international $)",2014,7939.37437823934
Afghanistan,"GDP per capita, PPP (constant 2017 international $)",2015,8125.65553391647
Afghanistan,"GDP per capita, PPP (constant 2017 international $)",2016,8206.04798668298
Afghanistan,"GDP per capita, PPP (constant 2017 international $)",2017,8322.21680991504
Afghanistan,"GDP per capita, PPP (constant 2017 international $)",2018,8469.11528803522
Afghanistan,"GDP per capita, PPP (constant 2017 international $)",2019,8671.70271768025
Afghanistan,"GDP per capita, PPP (constant 2017 international $)",2020,8390.22218026354
Afghanistan,"GDP per capita, PPP (constant 2017 international $)",2021,8926.70011657741
Afghanistan,"Inflation, GDP deflator (annual %)",2012,3.3777508441259
Afghanistan,"Inflation, GDP deflator (annual %)",2013,3.3584463459485
Afghanistan,"Inflation, GDP deflator (annual %)",2014,2.8603116065974
Afghanistan,"Inflation, GDP deflator (annual %)",2015,2.2316214598907
Afghanistan,"Inflation, GDP deflator (annual %)",2016,2.7071912966318
Afghanistan,"Inflation, GDP deflator (annual %)",2017,1.7479141087134
Afghanistan,"Inflation, GDP deflator (annual %)",2018,1.2716121751302
Afghanistan,"Inflation, GDP deflator (annual %)",2019,3.5787823077759
Afghanistan,"Inflation, GDP deflator (annual %)",2020,2.728637707642
Afghanistan,"Inflation, GDP deflator (annual %)",2021,2.7518009757402
Afghanistan,Total debt service (% of GNI),2012,3.2816127918293
Afghanistan,Total debt service (% of GNI),2013,5.652378715967
Afghanistan,Total debt service (% of GNI),2014,3.4974776309586
Afghanistan,Total debt service (% of GNI),2015,3.4791339241971
Afghanistan,Total debt service (% of GNI),2016,4.7613409183985
Afghanistan,Total debt service (% of GNI),2017,5.9463568508643
Afghanistan,Total debt service (% of GNI),2018,1.637092846178
Afghanistan,Total debt service (% of GNI),2019,2.6929602493655
Afghanistan,Total debt service (% of GNI),2020,4.5864617635186
Afghanistan,Total debt service (% of GNI),2021,1.8279489633062
Bangladesh,Consumer price index (2010 = 100),2012,105.853948467215
Bangladesh,Consumer price index (2010 = 100),2013,107.971192747618
Bangladesh,Consumer price index (2010 = 100),2014,109.70500693326
Bangladesh,Consumer price index (2010 = 100),2015,110.688581802368
Bangladesh,Consumer price index (2010 = 100),2016,111.675472068849
Bangladesh,Consumer price index (2010 = 100),2017,113.999739176771
Bangladesh,Consumer price index (2010 = 100),2018,116.277886952829
Bangladesh,Consumer price index (2010 = 100),2019,118.057980056249
Bangladesh,Consumer price index (2010 = 100),2020,119.689435836364
Bangladesh,Consumer price index (2010 = 100),2021,123.00084356117
Bangladesh,"GDP per capita, PPP (constant 2017 international $)",2012,53297.4447850919
Bangladesh,"GDP per capita, PPP (constant 2017 international $)",2013,52997.7538166712
Bangladesh,"GDP per capita, PPP (constant 2017 international $)",2014,52932.9001116518
Bangladesh,"GDP per capita, PPP (constant 2017 international $)",2015,52873.8586545571
Bangladesh,"GDP per capita, PPP (constant 2017 international $)",2016,53345.7415259818
Bangladesh,"GDP per capita, PPP (constant 2017 international $)",2017,54172.9867888254
Bangladesh,"GDP per capita, PPP (constant 2017 international $)",2018,55217.2865300768
Bangladesh,"GDP per capita, PPP (constant 2017 international $)",2019,55806.4382499366
Bangladesh,"GDP per capita, PPP (constant 2017 international $)",2020,51988.4158297933
Bangladesh,"GDP per capita, PPP (constant 2017 international $)",2021,54121.1455420496
Bangladesh,"Inflation, GDP deflator (annual %)",2012,2.0542356850849
Bangladesh,"Inflation, GDP deflator (annual %)",2013,1.6238880697281
Bangladesh,"Inflation, GDP deflator (annual %)",2014,2.1757072368233
Bangladesh,"Inflation, GDP deflator (annual %)",2015,2.3009786668052
Bangladesh,"Inflation, GDP deflator (annual %)",2016,1.8482946984385
Bangladesh,"Inflation, GDP deflator (annual %)",2017,1.0055341594591
Bangladesh,"Inflation, GDP deflator (annual %)",2018,1.8380644475573
Bangladesh,"Inflation, GDP deflator (annual %)",2019,1.5466715913531
Bangladesh,"Inflation, GDP deflator (annual %)",2020,2.5586021522568
Bangladesh,"Inflation, GDP deflator (annual %)",2021,1.943407460308
Bhutan,Consumer price index (2010 = 100),2012,118.321164250415
Bhutan,Consumer price index (2010 = 100),2013,127.231228786487
Bhutan,Consumer price index (2010 = 100),2014,136.126776861358
Bhutan,Consumer price index (2010 = 100),2015,144.558850888013
Bhutan,Consumer price index (2010 = 100),2016,152.529140322278
Bhutan,Consumer price index (2010 = 100),2017,161.226458913586
Bhutan,Consumer price index (2010 = 100),2018,170.164243384102
Bhutan,Consumer price index (2010 = 100),2019,179.679821747048
Bhutan,Consumer price index (2010 = 100),2020,189.905534708779
Bhutan,Consumer price index (2010 = 100),2021,200.437039174984
Bhutan,"GDP per capita, PPP (constant 2017 international $)",2012,3756.93193253282
Bhutan,"GDP per capita, PPP (constant 2017 international $)",2013,3932.70833031603
Bhutan,"GDP per capita, PPP (constant 2017 international $)",2014,4119.42463946452
Bhutan,"GDP per capita, PPP (constant 2017 international $)",2015,4337.38590209077
Bhutan,"GDP per capita, PPP (constant 2017 international $)",2016,4589.09353174608
Bhutan,"GDP per capita, PPP (constant 2017 international $)",2017,4830.7760826813
Bhutan,"GDP per capita, PPP (constant 2017 international $)",2018,5124.49875458782
Bhutan,"GDP per capita, PPP (constant 2017 international $)",2019,5467.20794773827
Bhutan,"GDP per capita, PPP (constant 2017 international $)",2020,5591.37398917821
Bhutan,"GDP per capita, PPP (constant 2017 international $)",2021,5911.01299624227
Bhutan,"Inflation, GDP deflator (annual %)",2012,8.1645736778097
Bhutan,"Inflation, GDP deflator (annual %)",2013,7.1749534265202
Bhutan,"Inflation, GDP deflator (annual %)",2014,5.6687885277127
Bhutan,"Inflation, GDP deflator (annual %)",2015,5.8727770404053
Bhutan,"Inflation, GDP deflator (annual %)",2016,27.8507377241742
Bhutan,"Inflation, GDP deflator (annual %)",2017,5.0475975820371
Bhutan,"Inflation, GDP deflator (annual %)",2018,5.8055387670458
Bhutan,"Inflation, GDP deflator (annual %)",2019,3.6581480880251
Bhutan,"Inflation, GDP deflator (annual %)",2020,3.841052187708
Bhutan,"Inflation, GDP deflator (annual %)",2021,4.121175351707
Bhutan,Total debt service (% of GNI),2012,1.1587224750931
Bhutan,Total debt service (% of GNI),2013,1.1977735812276
Bhutan,Total debt service (% of GNI),2014,1.1024056117174
Bhutan,Total debt service (% of GNI),2015,0.8451646223778
Bhutan,Total debt service (% of GNI),2016,0.669159165675
Bhutan,Total debt service (% of GNI),2017,0.7495714467682
Bhutan,Total debt service (% of GNI),2018,0.9051108534285
Bhutan,Total debt service (% of GNI),2019,1.6229305315531
Bhutan,Total debt service (% of GNI),2020,1.0393487052687
Bhutan,Total debt service (% of GNI),2021,1.2993088436028
Cambodia,Consumer price index (2010 = 100),2012,114.059666020389
Cambodia,Consumer price index (2010 = 100),2013,118.920150460585
Cambodia,Consumer price index (2010 = 100),2014,121.964207535538
Cambodia,Consumer price index (2010 = 100),2015,126.294863432896
Cambodia,Consumer price index (2010 = 100),2016,148.292955561846
Cambodia,Consumer price index (2010 = 100),2017,170.704777480577
Cambodia,Consumer price index (2010 = 100),2018,177.38161216446
Cambodia,Consumer price index (2010 = 100),2019,182.314783376391
Cambodia,Consumer price index (2010 = 100),2020,188.04255105357
Cambodia,Consumer price index (2010 = 100),2021,198.739327108297
Cambodia,"GDP per capita, PPP (constant 2017 international $)",2012,1137.28481473371
Cambodia,"GDP per capita, PPP (constant 2017 international $)",2013,1179.6700241619
Cambodia,"GDP per capita, PPP (constant 2017 international $)",2014,1228.6568351923
Cambodia,"GDP per capita, PPP (constant 2017 international $)",2015,1271.96187316893
Cambodia,"GDP per capita, PPP (constant 2017 international $)",2016,1279.92050648812
Cambodia,"GDP per capita, PPP (constant 2017 international $)",2017,1287.23486734661
Cambodia,"GDP per capita, PPP (constant 2017 international $)",2018,1292.89766393116
Cambodia,"GDP per capita, PPP (constant 2017 international $)",2019,1285.18482168195
Cambodia,"GDP per capita, PPP (constant 2017 international $)",2020,1232.98557643819
Cambodia,"GDP per capita, PPP (constant 2017 international $)",2021,1226.76692418199
Cambodia,"Inflation, GDP deflator (annual %)",2012,3.4660734188098
Cambodia,"Inflation, GDP deflator (annual %)",2013,2.9763803050951
Cambodia,"Inflation, GDP deflator (annual %)",2014,1.2106853151674
Cambodia,"Inflation, GDP deflator (annual %)",2015,7.5858555415649
Cambodia,"Inflation, GDP deflator (annual %)",2016,13.6756096543201
Cambodia,"Inflation, GDP deflator (annual %)",2017,7.6407073509435
Cambodia,"Inflation, GDP deflator (annual %)",2018,3.0011696403509
Cambodia,"Inflation, GDP deflator (annual %)",2019,5.0557084128956
Cambodia,"Inflation, GDP deflator (annual %)",2020,2.4999819671738
Cambodia,"Inflation, GDP deflator (annual %)",2021,3.5363493735828
Cambodia,Total debt service (% of GNI),2012,1.9622242261229
Cambodia,Total debt service (% of GNI),2013,2.7582392024377
Cambodia,Total debt service (% of GNI),2014,3.4630742809226
Cambodia,Total debt service (% of GNI),2015,6.2522102805061
Cambodia,Total debt service (% of GNI),2016,9.7764078339828
Cambodia,Total debt service (% of GNI),2017,10.7606322531151
Cambodia,Total debt service (% of GNI),2018,13.368334612083
Cambodia,Total debt service (% of GNI),2019,13.190081136991
Cambodia,Total debt service (% of GNI),2020,8.1023628920893
Cambodia,Total debt service (% of GNI),2021,46.8723732232676
China,Consumer price index (2010 = 100),2012,108.273766971695
China,Consumer price index (2010 = 100),2013,103.623545846485
China,"GDP per capita, PPP (constant 2017 international $)",2012,3115.23803263561
China,"GDP per capita, PPP (constant 2017 international $)",2013,3185.31969710048
China,"GDP per capita, PPP (constant 2017 international $)",2014,3183.15703112003
China,"GDP per capita, PPP (constant 2017 international $)",2015,3150.87762379692
China,"GDP per capita, PPP (constant 2017 international $)",2016,3185.62966370388
China,"GDP per capita, PPP (constant 2017 international $)",2017,3240.17917020286
China,"GDP per capita, PPP (constant 2017 international $)",2018,3294.83197206575
China,"GDP per capita, PPP (constant 2017 international $)",2019,3290.65052676586
China,"GDP per capita, PPP (constant 2017 international $)",2020,3222.37408929598
China,"GDP per capita, PPP (constant 2017 international $)",2021,3228.52685830019
China,"Inflation, GDP deflator (annual %)",2012,4.2704825693603
China,"Inflation, GDP deflator (annual %)",2013,1.7521570355324
China,"Inflation, GDP deflator (annual %)",2014,0.8350448619478
China,"Inflation, GDP deflator (annual %)",2015,-0.5228599229694
China,"Inflation, GDP deflator (annual %)",2016,1.7149868082195
China,"Inflation, GDP deflator (annual %)",2017,0.4024941351154
China,"Inflation, GDP deflator (annual %)",2018,1.8356679398124
China,"Inflation, GDP deflator (annual %)",2019,4.209105968091
China,"Inflation, GDP deflator (annual %)",2020,0.6696683943066
China,"Inflation, GDP deflator (annual %)",2021,0.0595773973809
China,Total debt service (% of GNI),2012,1.2170802802886
China,Total debt service (% of GNI),2013,0.0527958955848
China,Total debt service (% of GNI),2014,0.0677899392225
China,Total debt service (% of GNI),2015,0.7696426196805
China,Total debt service (% of GNI),2016,0.6306081030536
China,Total debt service (% of GNI),2017,0.3744646924139
China,Total debt service (% of GNI),2018,0.5145244589421
China,Total debt service (% of GNI),2019,0.510011534767
China,Total debt service (% of GNI),2020,0.5192549493692
China,Total debt service (% of GNI),2021,0.3981324016055
Cook Islands,Consumer price index (2010 = 100),2012,102.530142958183
Cook Islands,Consumer price index (2010 = 100),2013,104.745420985232
Cook Islands,Consumer price index (2010 = 100),2014,106.079855772852
Cook Islands,Consumer price index (2010 = 100),2015,103.589601772708
Cook Islands,Consumer price index (2010 = 100),2016,102.941899128965
Cook Islands,"GDP per capita, PPP (constant 2017 international $)",2012,68270.0366376175
Cook Islands,"GDP per capita, PPP (constant 2017 international $)",2013,67537.5488446491
Cook Islands,"GDP per capita, PPP (constant 2017 international $)",2014,67762.3608420053
Cook Islands,"GDP per capita, PPP (constant 2017 international $)",2015,68135.4640728355
Cook Islands,"GDP per capita, PPP (constant 2017 international $)",2016,68824.426036871
Cook Islands,"GDP per capita, PPP (constant 2017 international $)",2017,69534.7719101223
Cook Islands,"GDP per capita, PPP (constant 2017 international $)",2018,71046.021848765
Cook Islands,"GDP per capita, PPP (constant 2017 international $)",2019,72402.8366534326
Cook Islands,"GDP per capita, PPP (constant 2017 international $)",2020,67093.4023973016
Cook Islands,"GDP per capita, PPP (constant 2017 international $)",2021,67500.1043024157
Cook Islands,"Inflation, GDP deflator (annual %)",2012,1.2614131710077
Cook Islands,"Inflation, GDP deflator (annual %)",2013,1.3782033158818
Cook Islands,"Inflation, GDP deflator (annual %)",2014,0.8867283783634
Cook Islands,"Inflation, GDP deflator (annual %)",2015,0.3419005677207
Cook Islands,"Inflation, GDP deflator (annual %)",2016,1.0000923325473
Cook Islands,"Inflation, GDP deflator (annual %)",2017,1.986798246305
Cook Islands,"Inflation, GDP deflator (annual %)",2018,2.6627994992063
Cook Islands,"Inflation, GDP deflator (annual %)",2019,3.4644148914003
Cook Islands,"Inflation, GDP deflator (annual %)",2020,0.0576594981224
Cook Islands,"Inflation, GDP deflator (annual %)",2021,3.2614112664588
Fiji,Consumer price index (2010 = 100),2012,111.392855646249
Fiji,Consumer price index (2010 = 100),2013,116.812250625327
Fiji,Consumer price index (2010 = 100),2014,123.085406783966
Fiji,Consumer price index (2010 = 100),2015,127.046843072419
Fiji,Consumer price index (2010 = 100),2016,135.427494309836
Fiji,Consumer price index (2010 = 100),2017,141.450902126157
Fiji,Consumer price index (2010 = 100),2018,148.172370359897
Fiji,Consumer price index (2010 = 100),2019,155.858195070683
Fiji,Consumer price index (2010 = 100),2020,163.616966833624
Fiji,Consumer price index (2010 = 100),2021,173.512105268925
Fiji,"GDP per capita, PPP (constant 2017 international $)",2012,2535.47084207004
Fiji,"GDP per capita, PPP (constant 2017 international $)",2013,2557.00031988502
Fiji,"GDP per capita, PPP (constant 2017 international $)",2014,2574.29638545091
Fiji,"GDP per capita, PPP (constant 2017 international $)",2015,2625.63708345911
Fiji,"GDP per capita, PPP (constant 2017 international $)",2016,2688.13459869653
Fiji,"GDP per capita, PPP (constant 2017 international $)",2017,2571.69411268488
Fiji,"GDP per capita, PPP (constant 2017 international $)",2018,2541.45275851697
Fiji,"GDP per capita, PPP (constant 2017 international $)",2019,2533.1190580334
Fiji,"GDP per capita, PPP (constant 2017 international $)",2020,2292.19521025437
Fiji,"GDP per capita, PPP (constant 2017 international $)",2021,2295.23221517628
Fiji,"Inflation, GDP deflator (annual %)",2012,2.1808623953325
Fiji,"Inflation, GDP deflator (annual %)",2013,10.2798987426999
Fiji,"Inflation, GDP deflator (annual %)",2014,14.0351481487267
Fiji,"Inflation, GDP deflator (annual %)",2015,10.2024527829635
Fiji,"Inflation, GDP deflator (annual %)",2016,-0.2919213974764
Fiji,"Inflation, GDP deflator (annual %)",2017,2.018910223517
Fiji,"Inflation, GDP deflator (annual %)",2018,9.8715723210234
Fiji,"Inflation, GDP deflator (annual %)",2019,3.9581103916399
Fiji,"Inflation, GDP deflator (annual %)",2020,13.0197453617816
Fiji,"Inflation, GDP deflator (annual %)",2021,-0.8841132762856
Fiji,Total debt service (% of GNI),2012,1.3825028414886
Fiji,Total debt service (% of GNI),2013,1.6826146778964
Fiji,Total debt service (% of GNI),2014,1.6139614737982
Fiji,Total debt service (% of GNI),2015,2.0136014158603
Fiji,Total debt service (% of GNI),2016,2.4168480292673
Fiji,Total debt service (% of GNI),2017,2.1341757863668
Fiji,Total debt service (% of GNI),2018,2.771123848994
Fiji,Total debt service (% of GNI),2019,2.7190394431197
Fiji,Total debt service (% of GNI),2020,2.9113230615876
Fiji,Total debt service (% of GNI),2021,12.0078821423587
India,Consumer price index (2010 = 100),2012,105.76285579798
India,Consumer price index (2010 = 100),2013,107.94060484306
India,Consumer price index (2010 = 100),2014,109.920376702223
India,Consumer price index (2010 = 100),2015,112.872819083496
India,Consumer price index (2010 = 100),2016,113.845489605607
India,Consumer price index (2010 = 100),2017,114.577144423123
India,Consumer price index (2010 = 100),2018,115.808046057299
India,Consumer price index (2010 = 100),2019,118.648588290011
India,Consumer price index (2010 = 100),2020,121.540776745136
India,Consumer price index (2010 = 100),2021,124.302010149149
India,"GDP per capita, PPP (constant 2017 international $)",2012,3371.97553263081
India,"GDP per capita, PPP (constant 2017 international $)",2013,3442.20062679272
India,"GDP per capita, PPP (constant 2017 international $)",2014,3530.28319106425
India,"GDP per capita, PPP (constant 2017 international $)",2015,3614.75571608491
India,"GDP per capita, PPP (constant 2017 international $)",2016,3667.32267475561
India,"GDP per capita, PPP (constant 2017 international $)",2017,3691.09472365252
India,"GDP per capita, PPP (constant 2017 international $)",2018,3732.50124767444
India,"GDP per capita, PPP (constant 2017 international $)",2019,3756.50956165869
India,"GDP per capita, PPP (constant 2017 international $)",2020,3665.51058111338
India,"GDP per capita, PPP (constant 2017 international $)",2021,3700.46428911298
India,"Inflation, GDP deflator (annual %)",2012,1.9422853692354
India,"Inflation, GDP deflator (annual %)",2013,3.0534591690947
India,"Inflation, GDP deflator (annual %)",2014,2.0142126341344
India,"Inflation, GDP deflator (annual %)",2015,0.3097916722626
India,"Inflation, GDP deflator (annual %)",2016,0.6618089776776
India,"Inflation, GDP deflator (annual %)",2017,1.0251411606625
India,"Inflation, GDP deflator (annual %)",2018,1.8969916212452
India,"Inflation, GDP deflator (annual %)",2019,1.1697718223358
India,"Inflation, GDP deflator (annual %)",2020,0.7055720376171
India,"Inflation, GDP deflator (annual %)",2021,3.3561317434911
India,Total debt service (% of GNI),2012,0.8010163254633
India,Total debt service (% of GNI),2013,0.8245118595175
India,Total debt service (% of GNI),2014,1.4701577743909
India,Total debt service (% of GNI),2015,1.6018525658021
India,Total debt service (% of GNI),2016,2.5977333356838
India,Total debt service (% of GNI),2017,2.0340252012186
India,Total debt service (% of GNI),2018,2.6927283173213
India,Total debt service (% of GNI),2019,2.9291129069707
India,Total debt service (% of GNI),2020,3.0148300162044
India,Total debt service (% of GNI),2021,2.9746421994942
Indonesia,Consumer price index (2010 = 100),2012,106.281028400716
Indonesia,Consumer price index (2010 = 100),2013,109.024322817415
Indonesia,Consumer price index (2010 = 100),2014,109.513495413213
Indonesia,Consumer price index (2010 = 100),2015,110.884056313105
Indonesia,Consumer price index (2010 = 100),2016,111.685945921178
Indonesia,Consumer price index (2010 = 100),2017,112.451978676858
Indonesia,Consumer price index (2010 = 100),2018,112.856141244189
Indonesia,Consumer price index (2010 = 100),2019,111.606977877028
Indonesia,Consumer price index (2010 = 100),2020,114.313454421135
Indonesia,Consumer price index (2010 = 100),2021,118.991105987766
Indonesia,"GDP per capita, PPP (constant 2017 international $)",2012,3589.42171379413
Indonesia,"GDP per capita, PPP (constant 2017 international $)",2013,3894.51548949828
Indonesia,"GDP per capita, PPP (constant 2017 international $)",2014,4162.02435776379
Indonesia,"GDP per capita, PPP (constant 2017 international $)",2015,4347.77771319509
Indonesia,"GDP per capita, PPP (constant 2017 international $)",2016,4541.19490754339
Indonesia,"GDP per capita, PPP (constant 2017 international $)",2017,4750.93645090584
Indonesia,"GDP per capita, PPP (constant 2017 international $)",2018,4949.61471924847
Indonesia,"GDP per capita, PPP (constant 2017 international $)",2019,5126.63411463495
Indonesia,"GDP per capita, PPP (constant 2017 international $)",2020,5098.55983256984
Indonesia,"GDP per capita, PPP (constant 2017 international $)",2021,5325.03048196005
Indonesia,"Inflation, GDP deflator (annual %)",2012,-0.404098359079
Indonesia,"Inflation, GDP deflator (annual %)",2013,2.8767304283238
Indonesia,"Inflation, GDP deflator (annual %)",2014,4.4073323564025
Indonesia,"Inflation, GDP deflator (annual %)",2015,4.7756823740512
Indonesia,"Inflation, GDP deflator (annual %)",2016,-2.0903614484807
Indonesia,"Inflation, GDP deflator (annual %)",2017,-1.8376016370528
Indonesia,"Inflation, GDP deflator (annual %)",2018,0.6348439129563
Indonesia,"Inflation, GDP deflator (annual %)",2019,0.2004921268679
Indonesia,"Inflation, GDP deflator (annual %)",2020,0.9542582545867
Indonesia,"Inflation, GDP deflator (annual %)",2021,2.763518213016
Indonesia,Total debt service (% of GNI),2012,2.7822166125158
Indonesia,Total debt service (% of GNI),2013,3.5154705034794
Indonesia,Total debt service (% of GNI),2014,2.1057665722351
Indonesia,Total debt service (% of GNI),2015,1.8061296853056
Indonesia,Total debt service (% of GNI),2016,3.3419574131664
Indonesia,Total debt service (% of GNI),2017,4.4923459946604
Indonesia,Total debt service (% of GNI),2018,2.9646099712557
Indonesia,Total debt service (% of GNI),2019,5.269915330708
Indonesia,Total debt service (% of GNI),2020,4.1233161985433
Indonesia,Total debt service (% of GNI),2021,2.5545455702507
Iran,Consumer price index (2010 = 100),2012,109.592739581609
Iran,Consumer price index (2010 = 100),2013,115.325904176069
Iran,Consumer price index (2010 = 100),2014,120.53771357375
Iran,Consumer price index (2010 = 100),2015,121.50440434597
Iran,Consumer price index (2010 = 100),2016,121.483166772673
Iran,Consumer price index (2010 = 100),2017,123.458369999913
Iran,Consumer price index (2010 = 100),2018,126.20052189975
Iran,Consumer price index (2010 = 100),2019,128.845743336848
Iran,Consumer price index (2010 = 100),2020,129.77976091938
Iran,Consumer price index (2010 = 100),2021,132.020379357514
Iran,"GDP per capita, PPP (constant 2017 international $)",2012,17809.9405635769
Iran,"GDP per capita, PPP (constant 2017 international $)",2013,18044.9450067206
Iran,"GDP per capita, PPP (constant 2017 international $)",2014,18480.6517542453
Iran,"GDP per capita, PPP (constant 2017 international $)",2015,18956.1919322979
Iran,"GDP per capita, PPP (constant 2017 international $)",2016,19553.5988588871
Iran,"GDP per capita, PPP (constant 2017 international $)",2017,20168.2204808997
Iran,"GDP per capita, PPP (constant 2017 international $)",2018,20503.2768037147
Iran,"GDP per capita, PPP (constant 2017 international $)",2019,20818.061678299
Iran,"GDP per capita, PPP (constant 2017 international $)",2020,19824.3468365514
Iran,"GDP per capita, PPP (constant 2017 international $)",2021,21199.2813398583
Iran,"Inflation, GDP deflator (annual %)",2012,4.7336329722233
Iran,"Inflation, GDP deflator (annual %)",2013,4.5902116748114
Iran,"Inflation, GDP deflator (annual %)",2014,6.2069204200815
Iran,"Inflation, GDP deflator (annual %)",2015,3.9552153969886
Iran,"Inflation, GDP deflator (annual %)",2016,1.9587648020357
Iran,"Inflation, GDP deflator (annual %)",2017,2.8588837280198
Iran,"Inflation, GDP deflator (annual %)",2018,2.1924784279376
Iran,"Inflation, GDP deflator (annual %)",2019,2.5667921174659
Iran,"Inflation, GDP deflator (annual %)",2020,0.1561099970425
Iran,"Inflation, GDP deflator (annual %)",2021,2.0291400796983
Iran,Total debt service (% of GNI),2012,4.9975691393715
Iran,Total debt service (% of GNI),2013,6.6927073575144
Iran,Total debt service (% of GNI),2014,6.9423847029898
Iran,Total debt service (% of GNI),2015,5.1185964369179
Iran,Total debt service (% of GNI),2016,5.017224442105
Iran,Total debt service (% of GNI),2017,5.1584244349953
Iran,Total debt service (% of GNI),2018,5.7817539250107
Iran,Total debt service (% of GNI),2019,5.1909070625435
Iran,Total debt service (% of GNI),2020,5.115189335097
Iran,Total debt service (% of GNI),2021,5.1047631817195
"Korea, Dem. People's Rep.",Consumer price index (2010 = 100),2012,117.892445724817
"Korea, Dem. People's Rep.",Consumer price index (2010 = 100),2013,129.056530012879
"Korea, Dem. People's Rep.",Consumer price index (2010 = 100),2014,142.052800661666
"Korea, Dem. People's Rep.",Consumer price index (2010 = 100),2015,156.784372636979
"Korea, Dem. People's Rep.",Consumer price index (2010 = 100),2016,178.441948479442
"Korea, Dem. People's Rep.",Consumer price index (2010 = 100),2017,231.094115427901
"Korea, Dem. People's Rep.",Consumer price index (2010 = 100),2018,264.375055382558
"Korea, Dem. People's Rep.",Consumer price index (2010 = 100),2019,288.572774376263
"Korea, Dem. People's Rep.",Consumer price index (2010 = 100),2020,303.131077181708
"Korea, Dem. People's Rep.",Consumer price index (2010 = 100),2021,318.936481308266
"Korea, Dem. People's Rep.","GDP per capita, PPP (constant 2017 international $)",2012,9757.13659090014
"Korea, Dem. People's Rep.","GDP per capita, PPP (constant 2017 international $)",2013,9742.14355657973
"Korea, Dem. People's Rep.","GDP per capita, PPP (constant 2017 international $)",2014,9793.95462080611
"Korea, Dem. People's Rep.","GDP per capita, PPP (constant 2017 international $)",2015,9999.19069171767
"Korea, Dem. People's Rep.","GDP per capita, PPP (constant 2017 international $)",2016,10218.3938124509
"Korea, Dem. People's Rep.","GDP per capita, PPP (constant 2017 international $)",2017,10435.9171944662
"Korea, Dem. People's Rep.","GDP per capita, PPP (constant 2017 international $)",2018,10783.7616532392
"Korea, Dem. People's Rep.","GDP per capita, PPP (constant 2017 international $)",2019,11180.6970642276
"Korea, Dem. People's Rep.","GDP per capita, PPP (constant 2017 international $)",2020,11380.8469978976
"Korea, Dem. People's Rep.","GDP per capita, PPP (constant 2017 international $)",2021,11566.0496483523
"Korea, Dem. People's Rep.","Inflation, GDP deflator (annual %)",2012,19.4828774717686
"Korea, Dem. People's Rep.","Inflation, GDP deflator (annual %)",2013,8.7126745737242
"Korea, Dem. People's Rep.","Inflation, GDP deflator (annual %)",2014,11.2476245048912
"Korea, Dem. People's Rep.","Inflation, GDP deflator (annual %)",2015,9.9308897287802
"Korea, Dem. People's Rep.","Inflation, GDP deflator (annual %)",2016,6.2456631359902
"Korea, Dem. People's Rep.","Inflation, GDP deflator (annual %)",2017,22.9325542334096
"Korea, Dem. People's Rep.","Inflation, GDP deflator (annual %)",2018,21.4262259194396
"Korea, Dem. People's Rep.","Inflation, GDP deflator (annual %)",2019,13.6225675699873
"Korea, Dem. People's Rep.","Inflation, GDP deflator (annual %)",2020,6.2212183979487
"Korea, Dem. People's Rep.","Inflation, GDP deflator (annual %)",2021,4.8137157801898
"Korea, Dem. People's Rep.",Total debt service (% of GNI),2012,1.1885784273439
"Korea, Dem. People's Rep.",Total debt service (% of GNI),2013,1.2216008437718
"Korea, Dem. People's Rep.",Total debt service (% of GNI),2014,2.0111386348208
"Korea, Dem. People's Rep.",Total debt service (% of GNI),2015,1.1677112167222
"Korea, Dem. People's Rep.",Total debt service (% of GNI),2016,2.0222690817483
"Korea, Dem. People's Rep.",Total debt service (% of GNI),2017,2.8963904547181
"Korea, Dem. People's Rep.",Total debt service (% of GNI),2018,3.5144734915905
"Korea, Dem. People's Rep.",Total debt service (% of GNI),2019,3.0840730500767
"Korea, Dem. People's Rep.",Total debt service (% of GNI),2020,3.8951614561645
"Korea, Dem. People's Rep.",Total debt service (% of GNI),2021,4.7703465371939
"Korea, ROK",Consumer price index (2010 = 100),2012,104.221168771238
"Korea, ROK",Consumer price index (2010 = 100),2013,105.552712170156
"Korea, ROK",Consumer price index (2010 = 100),2014,105.74149431556
"Korea, ROK",Consumer price index (2010 = 100),2015,106.344758149096
"Korea, ROK",Consumer price index (2010 = 100),2016,106.959768427235
Lao PDR,Consumer price index (2010 = 100),2012,115.857349178098
Lao PDR,Consumer price index (2010 = 100),2013,124.124313083916
Lao PDR,Consumer price index (2010 = 100),2014,131.61641766895
Lao PDR,Consumer price index (2010 = 100),2015,136.877625982058
Lao PDR,Consumer price index (2010 = 100),2016,141.700061784993
Lao PDR,Consumer price index (2010 = 100),2017,147.156465910385
Lao PDR,Consumer price index (2010 = 100),2018,154.436645452421
Lao PDR,Consumer price index (2010 = 100),2019,162.739607236815
Lao PDR,Consumer price index (2010 = 100),2020,168.731375929621
Lao PDR,Consumer price index (2010 = 100),2021,177.047156631849
Lao PDR,"GDP per capita, PPP (constant 2017 international $)",2012,5042.80344604809
Lao PDR,"GDP per capita, PPP (constant 2017 international $)",2013,5214.52860239618
Lao PDR,"GDP per capita, PPP (constant 2017 international $)",2014,5385.49850206405
Lao PDR,"GDP per capita, PPP (constant 2017 international $)",2015,5563.00409511173
Lao PDR,"GDP per capita, PPP (constant 2017 international $)",2016,5734.35511381943
Lao PDR,"GDP per capita, PPP (constant 2017 international $)",2017,5915.37544335424
Lao PDR,"GDP per capita, PPP (constant 2017 international $)",2018,5636.63988647687
Lao PDR,"GDP per capita, PPP (constant 2017 international $)",2019,5348.98731546075
Lao PDR,"GDP per capita, PPP (constant 2017 international $)",2020,5181.72704217943
Lao PDR,"GDP per capita, PPP (constant 2017 international $)",2021,5638.74793075852
Lao PDR,"Inflation, GDP deflator (annual %)",2012,6.2443926033146004
Lao PDR,"Inflation, GDP deflator (annual %)",2013,4.3487638655879
Lao PDR,"Inflation, GDP deflator (annual %)",2014,8.3922606127121
Lao PDR,"Inflation, GDP deflator (annual %)",2015,7.5886543177367
Lao PDR,"Inflation, GDP deflator (annual %)",2016,4.5895215681997
Lao PDR,"Inflation, GDP deflator (annual %)",2017,4.1241828069292
Lao PDR,"Inflation, GDP deflator (annual %)",2018,2.6587459209638
Lao PDR,"Inflation, GDP deflator (annual %)",2019,5.5041873854918
Lao PDR,"Inflation, GDP deflator (annual %)",2020,5.4933400919558
Lao PDR,"Inflation, GDP deflator (annual %)",2021,3.3280886352409
Lao PDR,Total debt service (% of GNI),2012,21.1623754743703
Lao PDR,Total debt service (% of GNI),2013,21.6955824279456
Lao PDR,Total debt service (% of GNI),2014,25.8478017069975
Lao PDR,Total debt service (% of GNI),2015,12.8071235074256
Lao PDR,Total debt service (% of GNI),2016,14.7505086050737
Lao PDR,Total debt service (% of GNI),2017,20.1703666804217
Lao PDR,Total debt service (% of GNI),2018,17.4927279828973
Lao PDR,Total debt service (% of GNI),2019,18.7031127528092
Lao PDR,Total debt service (% of GNI),2020,14.10249429302
Lao PDR,Total debt service (% of GNI),2021,10.4290673799113
Malaysia,Consumer price index (2010 = 100),2012,107.950711456653
Malaysia,Consumer price index (2010 = 100),2013,109.021563737715
Malaysia,Consumer price index (2010 = 100),2014,109.080240575033
Malaysia,Consumer price index (2010 = 100),2015,108.126741968608
Malaysia,Consumer price index (2010 = 100),2016,107.407950711457
Malaysia,Consumer price index (2010 = 100),2017,109.637670529558
Malaysia,Consumer price index (2010 = 100),2018,111.625348393722
Malaysia,Consumer price index (2010 = 100),2019,114.111779375092
Malaysia,Consumer price index (2010 = 100),2020,117.962446824116
Malaysia,Consumer price index (2010 = 100),2021,123.925480416606
Malaysia,"GDP per capita, PPP (constant 2017 international $)",2012,25258.5933172132
Malaysia,"GDP per capita, PPP (constant 2017 international $)",2013,25490.3289111664
Malaysia,"GDP per capita, PPP (constant 2017 international $)",2014,26488.2002530072
Malaysia,"GDP per capita, PPP (constant 2017 international $)",2015,27667.6890834735
Malaysia,"GDP per capita, PPP (constant 2017 international $)",2016,28497.1036117662
Malaysia,"GDP per capita, PPP (constant 2017 international $)",2017,29958.1207092074
Malaysia,"GDP per capita, PPP (constant 2017 international $)",2018,31739.2569617723
Malaysia,"GDP per capita, PPP (constant 2017 international $)",2019,33159.749027584
Malaysia,"GDP per capita, PPP (constant 2017 international $)",2020,32546.8259419319
Malaysia,"GDP per capita, PPP (constant 2017 international $)",2021,34915.5235741243
Malaysia,"Inflation, GDP deflator (annual %)",2012,2.2242477264539
Malaysia,"Inflation, GDP deflator (annual %)",2013,0.2196651346552
Malaysia,"Inflation, GDP deflator (annual %)",2014,0.4654614793884
Malaysia,"Inflation, GDP deflator (annual %)",2015,1.3170429366464
Malaysia,"Inflation, GDP deflator (annual %)",2016,0.0872763880105
Malaysia,"Inflation, GDP deflator (annual %)",2017,1.7621062896567
Malaysia,"Inflation, GDP deflator (annual %)",2018,1.2296409542445
Malaysia,"Inflation, GDP deflator (annual %)",2019,3.0325366489072
Malaysia,"Inflation, GDP deflator (annual %)",2020,4.2550389413855
Malaysia,"Inflation, GDP deflator (annual %)",2021,5.0525060023999
Maldives,Consumer price index (2010 = 100),2012,119.005731346616
Maldives,Consumer price index (2010 = 100),2013,127.795223073732
Maldives,Consumer price index (2010 = 100),2014,133.768366733582
Maldives,Consumer price index (2010 = 100),2015,132.883209191418
Maldives,Consumer price index (2010 = 100),2016,138.708665508891
Maldives,Consumer price index (2010 = 100),2017,145.610741438593
Maldives,Consumer price index (2010 = 100),2018,146.522481857209
Maldives,Consumer price index (2010 = 100),2019,149.895975208032
Maldives,"GDP per capita, PPP (constant 2017 international $)",2012,2122.83075870676
Maldives,"GDP per capita, PPP (constant 2017 international $)",2013,2165.3409147556
Maldives,"GDP per capita, PPP (constant 2017 international $)",2014,2144.44963352063
Maldives,"GDP per capita, PPP (constant 2017 international $)",2015,2108.71417281186
Maldives,"GDP per capita, PPP (constant 2017 international $)",2016,2101.42218654807
Maldives,"GDP per capita, PPP (constant 2017 international $)",2017,2096.09311055337
Maldives,"GDP per capita, PPP (constant 2017 international $)",2018,2060.69897292797
Maldives,"GDP per capita, PPP (constant 2017 international $)",2019,2079.92186098824
Maldives,"GDP per capita, PPP (constant 2017 international $)",2020,1968.34100152116
Maldives,"GDP per capita, PPP (constant 2017 international $)",2021,1516.3056669773
Maldives,"Inflation, GDP deflator (annual %)",2012,7.301756471366
Maldives,"Inflation, GDP deflator (annual %)",2013,4.8227854793165
Maldives,"Inflation, GDP deflator (annual %)",2014,0.5669445408165
Maldives,"Inflation, GDP deflator (annual %)",2015,2.4475630020464
Maldives,"Inflation, GDP deflator (annual %)",2016,-2.197526465906
Maldives,"Inflation, GDP deflator (annual %)",2017,2.4036561884429
Maldives,"Inflation, GDP deflator (annual %)",2018,2.071348578909
Maldives,"Inflation, GDP deflator (annual %)",2019,6.5214798450783
Maldives,"Inflation, GDP deflator (annual %)",2020,7.8216671267762
Maldives,"Inflation, GDP deflator (annual %)",2021,0.5245165236222
Maldives,Total debt service (% of GNI),2012,0.0733902509849
Maldives,Total debt service (% of GNI),2013,0.1215749610141
Maldives,Total debt service (% of GNI),2014,0.205386837638
Maldives,Total debt service (% of GNI),2015,0.28027158846
Maldives,Total debt service (% of GNI),2016,0.3306046776472
Maldives,Total debt service (% of GNI),2017,0.3323987104444
Maldives,Total debt service (% of GNI),2018,0.3400911906233
Maldives,Total debt service (% of GNI),2019,0.2893185087433
Maldives,Total debt service (% of GNI),2020,0.225685838995
Maldives,Total debt service (% of GNI),2021,0.1750817429869
Marshall Islands,Consumer price index (2010 = 100),2012,105.530381748189
Marshall Islands,Consumer price index (2010 = 100),2013,107.575160377427
Marshall Islands,Consumer price index (2010 = 100),2014,109.324187306059
Marshall Islands,Consumer price index (2010 = 100),2015,113.151854885974
Marshall Islands,Consumer price index (2010 = 100),2016,112.736228649787
Marshall Islands,Consumer price index (2010 = 100),2017,115.059269640307
Marshall Islands,Consumer price index (2010 = 100),2018,117.392740239274
Marshall Islands,Consumer price index (2010 = 100),2019,119.049258384382
Marshall Islands,Consumer price index (2010 = 100),2020,120.978911881374
Marshall Islands,Consumer price index (2010 = 100),2021,123.448662047403
Marshall Islands,"GDP per capita, PPP (constant 2017 international $)",2012,11227.9870535984
Marshall Islands,"GDP per capita, PPP (constant 2017 international $)",2013,11361.2895730336
Marshall Islands,"GDP per capita, PPP (constant 2017 international $)",2014,11586.855263292
Marshall Islands,"GDP per capita, PPP (constant 2017 international $)",2015,11878.4763712862
Marshall Islands,"GDP per capita, PPP (constant 2017 international $)",2016,12291.882178685
Marshall Islands,"GDP per capita, PPP (constant 2017 international $)",2017,12770.9878616071
Marshall Islands,"GDP per capita, PPP (constant 2017 international $)",2018,13317.1168918016
Marshall Islands,"GDP per capita, PPP (constant 2017 international $)",2019,13653.2267690592
Marshall Islands,"GDP per capita, PPP (constant 2017 international $)",2020,13253.7577989746
Marshall Islands,"GDP per capita, PPP (constant 2017 international $)",2021,14516.3143508937
Marshall Islands,"Inflation, GDP deflator (annual %)",2012,1.0427146064341
Marshall Islands,"Inflation, GDP deflator (annual %)",2013,0.2887459641278
Marshall Islands,"Inflation, GDP deflator (annual %)",2014,1.5499170698627
Marshall Islands,"Inflation, GDP deflator (annual %)",2015,0.5639913501609
Marshall Islands,"Inflation, GDP deflator (annual %)",2016,-0.6326534190955
Marshall Islands,"Inflation, GDP deflator (annual %)",2017,1.4510626992499
Marshall Islands,"Inflation, GDP deflator (annual %)",2018,1.4730581027461
Marshall Islands,"Inflation, GDP deflator (annual %)",2019,1.2565899518627
Marshall Islands,"Inflation, GDP deflator (annual %)",2020,0.6784862485254
Marshall Islands,"Inflation, GDP deflator (annual %)",2021,5.9280138143245
Marshall Islands,Total debt service (% of GNI),2012,4.4369152945996
Marshall Islands,Total debt service (% of GNI),2013,4.2344493763833
Marshall Islands,Total debt service (% of GNI),2014,5.488332154821
Marshall Islands,Total debt service (% of GNI),2015,10.2405862256084
Marshall Islands,Total debt service (% of GNI),2016,4.8980817409994
Marshall Islands,Total debt service (% of GNI),2017,3.9309001648539
Marshall Islands,Total debt service (% of GNI),2018,7.1725435951614
Marshall Islands,Total debt service (% of GNI),2019,4.2069025455335
Marshall Islands,Total debt service (% of GNI),2020,7.6815516300931
Marshall Islands,Total debt service (% of GNI),2021,4.9103236338166
Micronesia,Consumer price index (2010 = 100),2012,122.518675005754
Micronesia,Consumer price index (2010 = 100),2013,125.711288725735
Micronesia,"GDP per capita, PPP (constant 2017 international $)",2012,32214.9063251032
Micronesia,"GDP per capita, PPP (constant 2017 international $)",2013,25907.7568905042
Micronesia,"GDP per capita, PPP (constant 2017 international $)",2014,19569.9004889534
Micronesia,"GDP per capita, PPP (constant 2017 international $)",2015,19108.9438269268
Micronesia,"GDP per capita, PPP (constant 2017 international $)",2016,18554.4806031278
Micronesia,"GDP per capita, PPP (constant 2017 international $)",2017,24212.9109270915
Micronesia,"GDP per capita, PPP (constant 2017 international $)",2018,25734.168628333
Micronesia,"GDP per capita, PPP (constant 2017 international $)",2019,22535.4456198617
Micronesia,"GDP per capita, PPP (constant 2017 international $)",2020,16924.1504491003
Micronesia,"GDP per capita, PPP (constant 2017 international $)",2021,21965.1733078898
Micronesia,"Inflation, GDP deflator (annual %)",2012,5.9819305037218
Micronesia,"Inflation, GDP deflator (annual %)",2013,0.0853923422683
Micronesia,"Inflation, GDP deflator (annual %)",2014,-1.0066040166524
Micronesia,"Inflation, GDP deflator (annual %)",2015,-7.0407072719538
Micronesia,"Inflation, GDP deflator (annual %)",2016,4.692314318104
Micronesia,"Inflation, GDP deflator (annual %)",2017,1.8066638217832
Micronesia,"Inflation, GDP deflator (annual %)",2018,3.5975738926427
Micronesia,"Inflation, GDP deflator (annual %)",2019,4.174679241908
Micronesia,"Inflation, GDP deflator (annual %)",2020,-5.0660124597649
Micronesia,"Inflation, GDP deflator (annual %)",2021,110.400070705125
Mongolia,"GDP per capita, PPP (constant 2017 international $)",2012,40285.5016007594
Mongolia,"GDP per capita, PPP (constant 2017 international $)",2013,40654.3301580317
Mongolia,"GDP per capita, PPP (constant 2017 international $)",2014,41247.8855614659
Mongolia,"GDP per capita, PPP (constant 2017 international $)",2015,42015.4116082499
Mongolia,"GDP per capita, PPP (constant 2017 international $)",2016,42528.5464961803
Mongolia,"GDP per capita, PPP (constant 2017 international $)",2017,43383.660342992
Mongolia,"GDP per capita, PPP (constant 2017 international $)",2018,44167.4434880773
Mongolia,"GDP per capita, PPP (constant 2017 international $)",2019,44701.9201732824
Mongolia,"GDP per capita, PPP (constant 2017 international $)",2020,42548.1694934388
Mongolia,"GDP per capita, PPP (constant 2017 international $)",2021,44827.187530807
Mongolia,"Inflation, GDP deflator (annual %)",2012,1.8318819423232
Mongolia,"Inflation, GDP deflator (annual %)",2013,1.6121220023752
Mongolia,"Inflation, GDP deflator (annual %)",2014,1.3518006893401
Mongolia,"Inflation, GDP deflator (annual %)",2015,1.3237145324991
Mongolia,"Inflation, GDP deflator (annual %)",2016,1.0682927502954
Mongolia,"Inflation, GDP deflator (annual %)",2017,1.7766352581213
Mongolia,"Inflation, GDP deflator (annual %)",2018,1.958133202871
Mongolia,"Inflation, GDP deflator (annual %)",2019,2.19319563067
Mongolia,"Inflation, GDP deflator (annual %)",2020,1.7615256414458
Mongolia,"Inflation, GDP deflator (annual %)",2021,2.8634879775124
Myanmar,Consumer price index (2010 = 100),2012,100.175175175175
Myanmar,"GDP per capita, PPP (constant 2017 international $)",2012,7851.37540205439
Myanmar,"GDP per capita, PPP (constant 2017 international $)",2013,10015.1237595363
Myanmar,"GDP per capita, PPP (constant 2017 international $)",2014,12390.3685046889
Myanmar,"GDP per capita, PPP (constant 2017 international $)",2015,12567.816289529
Myanmar,"GDP per capita, PPP (constant 2017 international $)",2016,12729.8608861998
Myanmar,"GDP per capita, PPP (constant 2017 international $)",2017,11746.626949751
Myanmar,"GDP per capita, PPP (constant 2017 international $)",2018,12209.9479164263
Myanmar,"GDP per capita, PPP (constant 2017 international $)",2019,12000.6115195736
Myanmar,"GDP per capita, PPP (constant 2017 international $)",2020,11958.1716233181
Myanmar,"GDP per capita, PPP (constant 2017 international $)",2021,11947.3948360866
Myanmar,"Inflation, GDP deflator (annual %)",2012,25.9823332318002
Myanmar,"Inflation, GDP deflator (annual %)",2013,-21.8085106382979
Myanmar,"Inflation, GDP deflator (annual %)",2014,-6.1728395061729
Myanmar,"Inflation, GDP deflator (annual %)",2015,-12.0300751879699
Myanmar,"Inflation, GDP deflator (annual %)",2016,27.1883289124668
Myanmar,"Inflation, GDP deflator (annual %)",2017,12.2930389887841
Myanmar,"Inflation, GDP deflator (annual %)",2018,4.0031708283789
Myanmar,"Inflation, GDP deflator (annual %)",2019,3.75
Myanmar,"Inflation, GDP deflator (annual %)",2020,1.841456736035
Myanmar,"Inflation, GDP deflator (annual %)",2021,2.843315184513
Niue,Consumer price index (2010 = 100),2012,109.317243085825
Niue,Consumer price index (2010 = 100),2013,113.673220777738
Niue,Consumer price index (2010 = 100),2014,114.887603022632
Niue,Consumer price index (2010 = 100),2015,114.204990933389
Niue,Consumer price index (2010 = 100),2016,112.440756038601
Niue,Consumer price index (2010 = 100),2017,113.946361611816
Niue,Consumer price index (2010 = 100),2018,119.216932828292
Niue,Consumer price index (2010 = 100),2019,123.780383348878
Niue,Consumer price index (2010 = 100),2020,127.037135732912
Niue,Consumer price index (2010 = 100),2021,133.455469478653
Niue,"GDP per capita, PPP (constant 2017 international $)",2012,21953.2303312849
Niue,"GDP per capita, PPP (constant 2017 international $)",2013,22094.3855412497
Niue,"GDP per capita, PPP (constant 2017 international $)",2014,23091.1553744653
Niue,"GDP per capita, PPP (constant 2017 international $)",2015,23933.1867241818
Niue,"GDP per capita, PPP (constant 2017 international $)",2016,24758.7129896017
Niue,"GDP per capita, PPP (constant 2017 international $)",2017,26943.3477378323
Niue,"GDP per capita, PPP (constant 2017 international $)",2018,28736.0949971045
Niue,"GDP per capita, PPP (constant 2017 international $)",2019,30000.977830377
Niue,"GDP per capita, PPP (constant 2017 international $)",2020,29057.2846039286
Niue,"GDP per capita, PPP (constant 2017 international $)",2021,30771.4357160501
Niue,"Inflation, GDP deflator (annual %)",2012,3.8030931852385
Niue,"Inflation, GDP deflator (annual %)",2013,1.3896871150037
Niue,"Inflation, GDP deflator (annual %)",2014,1.7102642931552
Niue,"Inflation, GDP deflator (annual %)",2015,3.2647542744117
Niue,"Inflation, GDP deflator (annual %)",2016,2.6212868085068
Niue,"Inflation, GDP deflator (annual %)",2017,4.6519685967352
Niue,"Inflation, GDP deflator (annual %)",2018,6.2122726117436
Niue,"Inflation, GDP deflator (annual %)",2019,6.8053249665375
Niue,"Inflation, GDP deflator (annual %)",2020,4.1093151844722
Niue,"Inflation, GDP deflator (annual %)",2021,5.4165978079327
Niue,Total debt service (% of GNI),2012,12.5018515001166
Niue,Total debt service (% of GNI),2013,15.3373100412835
Niue,Total debt service (% of GNI),2014,12.3788971759901
Niue,Total debt service (% of GNI),2015,13.4796691178303
Niue,Total debt service (% of GNI),2016,10.1407798336162
Niue,Total debt service (% of GNI),2017,9.8490089216112
Niue,Total debt service (% of GNI),2018,9.2404506627618
Niue,Total debt service (% of GNI),2019,7.8043114651194
Niue,Total debt service (% of GNI),2020,8.2839316667469
Norfolk Island,Consumer price index (2010 = 100),2012,112.233296419343
Norfolk Island,Consumer price index (2010 = 100),2013,115.245478036176
Norfolk Island,Consumer price index (2010 = 100),2014,121.040974529347
Norfolk Island,Consumer price index (2010 = 100),2015,124.828349944629
Norfolk Island,Consumer price index (2010 = 100),2016,129.929863418236
Norfolk Island,Consumer price index (2010 = 100),2017,134.610557401255
Norfolk Island,Consumer price index (2010 = 100),2018,139.962148394241
Norfolk Island,Consumer price index (2010 = 100),2019,143.821040974529
Norfolk Island,Consumer price index (2010 = 100),2020,146.363100775194
Norfolk Island,Consumer price index (2010 = 100),2021,153.370941306755
Norfolk Island,"GDP per capita, PPP (constant 2017 international $)",2012,11376.4073007467
Norfolk Island,"GDP per capita, PPP (constant 2017 international $)",2013,12150.9715219326
Norfolk Island,"GDP per capita, PPP (constant 2017 international $)",2014,12616.4142339973
Norfolk Island,"GDP per capita, PPP (constant 2017 international $)",2015,12806.0966786058
Norfolk Island,"GDP per capita, PPP (constant 2017 international $)",2016,13163.7401933187
Norfolk Island,"GDP per capita, PPP (constant 2017 international $)",2017,13604.1747171995
Norfolk Island,"GDP per capita, PPP (constant 2017 international $)",2018,13848.4991149602
Norfolk Island,"GDP per capita, PPP (constant 2017 international $)",2019,13609.72300919
Norfolk Island,"GDP per capita, PPP (constant 2017 international $)",2020,13317.3211184333
Norfolk Island,"GDP per capita, PPP (constant 2017 international $)",2021,13687.6551218631
Norfolk Island,"Inflation, GDP deflator (annual %)",2012,4.7982758786516
Norfolk Island,"Inflation, GDP deflator (annual %)",2013,4.3376760951579
Norfolk Island,"Inflation, GDP deflator (annual %)",2014,2.8570064847104
Norfolk Island,"Inflation, GDP deflator (annual %)",2015,1.6038880103796
Norfolk Island,"Inflation, GDP deflator (annual %)",2016,4.1347544440303
Norfolk Island,"Inflation, GDP deflator (annual %)",2017,2.1592092917462
Norfolk Island,"Inflation, GDP deflator (annual %)",2018,1.9602481984655
Norfolk Island,"Inflation, GDP deflator (annual %)",2019,3.0618794545833
Norfolk Island,"Inflation, GDP deflator (annual %)",2020,2.2039214677862
Norfolk Island,"Inflation, GDP deflator (annual %)",2021,7.1235060285902
Norfolk Island,Total debt service (% of GNI),2012,6.2349058073407
Norfolk Island,Total debt service (% of GNI),2013,4.4654319414248
Norfolk Island,Total debt service (% of GNI),2014,7.8845093711215
Norfolk Island,Total debt service (% of GNI),2015,5.7222660914193
Norfolk Island,Total debt service (% of GNI),2016,3.9215593792445
Norfolk Island,Total debt service (% of GNI),2017,4.699935319477
Norfolk Island,Total debt service (% of GNI),2018,5.9188357178015
Norfolk Island,Total debt service (% of GNI),2019,3.7585997289131
Norfolk Island,Total debt service (% of GNI),2020,3.2418481894579
Norfolk Island,Total debt service (% of GNI),2021,3.1752664239282
Palau,Consumer price index (2010 = 100),2012,109.705426598742
Palau,Consumer price index (2010 = 100),2013,115.005241966313
Palau,Consumer price index (2010 = 100),2014,118.45383775457
Palau,Consumer price index (2010 = 100),2015,119.444995914537
Palau,Consumer price index (2010 = 100),2016,121.373036513831
Palau,Consumer price index (2010 = 100),2017,125.353534364345
Palau,Consumer price index (2010 = 100),2018,129.821678689518
Palau,Consumer price index (2010 = 100),2019,132.172234898705
Palau,Consumer price index (2010 = 100),2020,137.169709129879
Palau,Consumer price index (2010 = 100),2021,148.476613026712
Palau,"GDP per capita, PPP (constant 2017 international $)",2012,13087.9489899427
Palau,"GDP per capita, PPP (constant 2017 international $)",2013,13555.5113586867
Palau,"GDP per capita, PPP (constant 2017 international $)",2014,14334.733860885
Palau,"GDP per capita, PPP (constant 2017 international $)",2015,15145.4694592907
Palau,"GDP per capita, PPP (constant 2017 international $)",2016,15967.2022809286
Palau,"GDP per capita, PPP (constant 2017 international $)",2017,16524.5338420587
Palau,"GDP per capita, PPP (constant 2017 international $)",2018,17484.1217559257
Palau,"GDP per capita, PPP (constant 2017 international $)",2019,18171.0609627655
Palau,"GDP per capita, PPP (constant 2017 international $)",2020,16768.4261044255
Palau,"GDP per capita, PPP (constant 2017 international $)",2021,18626.0786815748
Palau,"Inflation, GDP deflator (annual %)",2012,5.0981815450065
Palau,"Inflation, GDP deflator (annual %)",2013,4.6928191423127
Palau,"Inflation, GDP deflator (annual %)",2014,4.3212889376768
Palau,"Inflation, GDP deflator (annual %)",2015,2.4718859770977
Palau,"Inflation, GDP deflator (annual %)",2016,1.9936784645294
Palau,"Inflation, GDP deflator (annual %)",2017,4.1813750336502
Palau,"Inflation, GDP deflator (annual %)",2018,4.1214896869698
Palau,"Inflation, GDP deflator (annual %)",2019,2.5256186564706
Palau,"Inflation, GDP deflator (annual %)",2020,4.7235040195779
Palau,"Inflation, GDP deflator (annual %)",2021,7.7771581192045
Palau,Total debt service (% of GNI),2012,4.4529126732762
Palau,Total debt service (% of GNI),2013,4.7567601573839
Palau,Total debt service (% of GNI),2014,5.0438596165063
Palau,Total debt service (% of GNI),2015,7.6723621103759
Palau,Total debt service (% of GNI),2016,4.7824559707468
Palau,Total debt service (% of GNI),2017,3.9767940994742
Palau,Total debt service (% of GNI),2018,3.6000229653235
Palau,Total debt service (% of GNI),2019,4.415047106901
Palau,Total debt service (% of GNI),2020,8.4973669998542
Palau,Total debt service (% of GNI),2021,3.7055513453707
Papua New Guinea,Consumer price index (2010 = 100),2012,113.81793046074
Papua New Guinea,Consumer price index (2010 = 100),2013,117.521838067973
Papua New Guinea,Consumer price index (2010 = 100),2014,120.94986420025
Papua New Guinea,Consumer price index (2010 = 100),2015,126.736646357875
Papua New Guinea,Consumer price index (2010 = 100),2016,134.844870195013
Papua New Guinea,Consumer price index (2010 = 100),2017,142.384203185789
Papua New Guinea,Consumer price index (2010 = 100),2018,148.463994714821
Papua New Guinea,Consumer price index (2010 = 100),2019,151.361667767746
Papua New Guinea,Consumer price index (2010 = 100),2020,155.017250238567
Papua New Guinea,Consumer price index (2010 = 100),2021,166.218894516626
Papua New Guinea,"GDP per capita, PPP (constant 2017 international $)",2012,11270.701045131
Papua New Guinea,"GDP per capita, PPP (constant 2017 international $)",2013,11360.6376117058
Papua New Guinea,"GDP per capita, PPP (constant 2017 international $)",2014,11561.2597954385
Papua New Guinea,"GDP per capita, PPP (constant 2017 international $)",2015,11751.6341191101
Papua New Guinea,"GDP per capita, PPP (constant 2017 international $)",2016,11888.3229666783
Papua New Guinea,"GDP per capita, PPP (constant 2017 international $)",2017,11809.4830333846
Papua New Guinea,"GDP per capita, PPP (constant 2017 international $)",2018,11725.8777414257
Papua New Guinea,"GDP per capita, PPP (constant 2017 international $)",2019,11627.2799177398
Papua New Guinea,"GDP per capita, PPP (constant 2017 international $)",2020,10844.7707637063
Papua New Guinea,"GDP per capita, PPP (constant 2017 international $)",2021,11039.8052606484
Papua New Guinea,"Inflation, GDP deflator (annual %)",2012,7.4583365235104
Papua New Guinea,"Inflation, GDP deflator (annual %)",2013,-0.0933043780076
Papua New Guinea,"Inflation, GDP deflator (annual %)",2014,-0.3005804347685
Papua New Guinea,"Inflation, GDP deflator (annual %)",2015,-6.4556504121538
Papua New Guinea,"Inflation, GDP deflator (annual %)",2016,1.548880548732
Papua New Guinea,"Inflation, GDP deflator (annual %)",2017,6.390654712497
Papua New Guinea,"Inflation, GDP deflator (annual %)",2018,6.7573408788653
Papua New Guinea,"Inflation, GDP deflator (annual %)",2019,-0.4680249094043
Papua New Guinea,"Inflation, GDP deflator (annual %)",2020,-5.5084876734638
Papua New Guinea,"Inflation, GDP deflator (annual %)",2021,15.736744275398
Papua New Guinea,Total debt service (% of GNI),2012,0.4144465338789
Papua New Guinea,Total debt service (% of GNI),2013,0.2611900628415
Papua New Guinea,Total debt service (% of GNI),2014,0.143392560668
Papua New Guinea,Total debt service (% of GNI),2015,0.4275114932794
Papua New Guinea,Total debt service (% of GNI),2016,0.2250551139568
Papua New Guinea,Total debt service (% of GNI),2017,0.1430152615877
Papua New Guinea,Total debt service (% of GNI),2018,0.1273651724724
Papua New Guinea,Total debt service (% of GNI),2019,0.11619540901
Papua New Guinea,Total debt service (% of GNI),2020,0.1232038930601
Papua New Guinea,Total debt service (% of GNI),2021,0.1205301770274
Philippines,Consumer price index (2010 = 100),2012,102.503351067868
Philippines,Consumer price index (2010 = 100),2013,102.45577757453
Philippines,Consumer price index (2010 = 100),2014,103.274655758634
Philippines,Consumer price index (2010 = 100),2015,102.403196345051
Philippines,Consumer price index (2010 = 100),2016,102.548420693136
Philippines,Consumer price index (2010 = 100),2017,102.85222335235
Philippines,Consumer price index (2010 = 100),2018,103.869628411641
Philippines,Consumer price index (2010 = 100),2019,105.43247529016
Philippines,Consumer price index (2010 = 100),2020,104.665858458043
Philippines,Consumer price index (2010 = 100),2021,105.207161099578
Philippines,"GDP per capita, PPP (constant 2017 international $)",2012,12153.687730068
Philippines,"GDP per capita, PPP (constant 2017 international $)",2013,12044.2218719671
Philippines,"GDP per capita, PPP (constant 2017 international $)",2014,12516.3840491873
Philippines,"GDP per capita, PPP (constant 2017 international $)",2015,12063.8956796634
Philippines,"GDP per capita, PPP (constant 2017 international $)",2016,12385.2690878926
Philippines,"GDP per capita, PPP (constant 2017 international $)",2017,11511.6064241415
Philippines,"GDP per capita, PPP (constant 2017 international $)",2018,11849.3015364933
Philippines,"GDP per capita, PPP (constant 2017 international $)",2019,12395.4204702077
Philippines,"GDP per capita, PPP (constant 2017 international $)",2020,10255.7609844121
Philippines,"GDP per capita, PPP (constant 2017 international $)",2021,10878.0369756066
Philippines,"Inflation, GDP deflator (annual %)",2012,-1.9615433460276
Philippines,"Inflation, GDP deflator (annual %)",2013,3.5664868673286
Philippines,"Inflation, GDP deflator (annual %)",2014,-0.3403994264089
Philippines,"Inflation, GDP deflator (annual %)",2015,6.8654650742046
Philippines,"Inflation, GDP deflator (annual %)",2016,3.6978987027171
Philippines,"Inflation, GDP deflator (annual %)",2017,-3.0733147979489
Philippines,"Inflation, GDP deflator (annual %)",2018,2.7249158256126
Philippines,"Inflation, GDP deflator (annual %)",2019,4.4832863537188
Philippines,"Inflation, GDP deflator (annual %)",2020,-1.1327706839386
Philippines,"Inflation, GDP deflator (annual %)",2021,3.0256968758443
Philippines,Total debt service (% of GNI),2012,4.3697561984049
Philippines,Total debt service (% of GNI),2013,4.1103868441206
Philippines,Total debt service (% of GNI),2014,4.0450338737656
Philippines,Total debt service (% of GNI),2015,4.4600685659908
Philippines,Total debt service (% of GNI),2016,4.8615063216775
Philippines,Total debt service (% of GNI),2017,5.5112347582551
Philippines,Total debt service (% of GNI),2018,6.0999993866955
Philippines,Total debt service (% of GNI),2019,4.4581454686516
Philippines,Total debt service (% of GNI),2020,5.1717147316022
Philippines,Total debt service (% of GNI),2021,3.5107035485913
Samoa,"GDP per capita, PPP (constant 2017 international $)",2012,3388.53881615513
Samoa,"GDP per capita, PPP (constant 2017 international $)",2013,3515.13976701079
Samoa,"GDP per capita, PPP (constant 2017 international $)",2014,3521.26763705145
Samoa,"GDP per capita, PPP (constant 2017 international $)",2015,3895.93041651317
Samoa,"GDP per capita, PPP (constant 2017 international $)",2016,4125.93795050938
Samoa,"GDP per capita, PPP (constant 2017 international $)",2017,4208.92375986015
Samoa,"GDP per capita, PPP (constant 2017 international $)",2018,4268.1798715696
Samoa,"GDP per capita, PPP (constant 2017 international $)",2019,4816.55320986744
Samoa,"GDP per capita, PPP (constant 2017 international $)",2020,4839.61557504253
Samoa,"GDP per capita, PPP (constant 2017 international $)",2021,4924.0271747431
Samoa,"Inflation, GDP deflator (annual %)",2012,2.1739130434783
Samoa,"Inflation, GDP deflator (annual %)",2013,0.8771929824562
Samoa,"Inflation, GDP deflator (annual %)",2014,7.5
Samoa,"Inflation, GDP deflator (annual %)",2015,3.2031592803861
Samoa,"Inflation, GDP deflator (annual %)",2016,8.1632653061225
Samoa,"Inflation, GDP deflator (annual %)",2017,3.5087719298246
Samoa,"Inflation, GDP deflator (annual %)",2018,6.604324956166
Samoa,"Inflation, GDP deflator (annual %)",2019,7.1022727272727
Samoa,"Inflation, GDP deflator (annual %)",2020,1.0332950631458
Samoa,"Inflation, GDP deflator (annual %)",2021,1.9565217391305
Solomon Islands,Consumer price index (2010 = 100),2012,107.666722102112
Solomon Islands,Consumer price index (2010 = 100),2013,109.17456621764
Solomon Islands,Consumer price index (2010 = 100),2014,109.091413049504
Solomon Islands,Consumer price index (2010 = 100),2015,108.736626198792
Solomon Islands,Consumer price index (2010 = 100),2016,108.171184655469
Solomon Islands,Consumer price index (2010 = 100),2017,109.590332058318
Solomon Islands,Consumer price index (2010 = 100),2018,112.345473695881
Solomon Islands,Consumer price index (2010 = 100),2019,115.338987748767
Solomon Islands,Consumer price index (2010 = 100),2020,117.573036199346
Solomon Islands,Consumer price index (2010 = 100),2021,121.276123953656
Solomon Islands,"GDP per capita, PPP (constant 2017 international $)",2012,26511.2699367746
Solomon Islands,"GDP per capita, PPP (constant 2017 international $)",2013,26650.3640050253
Solomon Islands,"GDP per capita, PPP (constant 2017 international $)",2014,27342.6272590659
Solomon Islands,"GDP per capita, PPP (constant 2017 international $)",2015,28728.1560075755
Solomon Islands,"GDP per capita, PPP (constant 2017 international $)",2016,29248.8845824641
Solomon Islands,"GDP per capita, PPP (constant 2017 international $)",2017,30061.5514717196
Solomon Islands,"GDP per capita, PPP (constant 2017 international $)",2018,31229.8632709979
Solomon Islands,"GDP per capita, PPP (constant 2017 international $)",2019,31973.4616323691
Solomon Islands,"GDP per capita, PPP (constant 2017 international $)",2020,30867.9723975671
Solomon Islands,"GDP per capita, PPP (constant 2017 international $)",2021,31866.025082395
Solomon Islands,"Inflation, GDP deflator (annual %)",2012,1.2603676526169
Solomon Islands,"Inflation, GDP deflator (annual %)",2013,0.5093791195188
Solomon Islands,"Inflation, GDP deflator (annual %)",2014,-0.1927805941302
Solomon Islands,"Inflation, GDP deflator (annual %)",2015,-0.2165045256519
Solomon Islands,"Inflation, GDP deflator (annual %)",2016,-0.5122958558945
Solomon Islands,"Inflation, GDP deflator (annual %)",2017,1.2158019881252
Solomon Islands,"Inflation, GDP deflator (annual %)",2018,2.0347877952905
Solomon Islands,"Inflation, GDP deflator (annual %)",2019,2.4942934656543
Solomon Islands,"Inflation, GDP deflator (annual %)",2020,2.3706577836336
Solomon Islands,"Inflation, GDP deflator (annual %)",2021,2.383313616967
Sri Lanka,"GDP per capita, PPP (constant 2017 international $)",2012,9775.42750506679
Sri Lanka,"GDP per capita, PPP (constant 2017 international $)",2013,10375.7477661341
Sri Lanka,"GDP per capita, PPP (constant 2017 international $)",2014,10984.8566354187
Sri Lanka,"GDP per capita, PPP (constant 2017 international $)",2015,11608.4310457944
Sri Lanka,"GDP per capita, PPP (constant 2017 international $)",2016,12263.1296809043
Sri Lanka,"GDP per capita, PPP (constant 2017 international $)",2017,12968.7598357517
Sri Lanka,"GDP per capita, PPP (constant 2017 international $)",2018,13709.7548940291
Sri Lanka,"GDP per capita, PPP (constant 2017 international $)",2019,14408.7382029501
Sri Lanka,"GDP per capita, PPP (constant 2017 international $)",2020,14457.5091656847
Sri Lanka,"GDP per capita, PPP (constant 2017 international $)",2021,15378.3477347683
Sri Lanka,"Inflation, GDP deflator (annual %)",2012,4.026475263201
Sri Lanka,"Inflation, GDP deflator (annual %)",2013,2.3462900987461
Sri Lanka,"Inflation, GDP deflator (annual %)",2014,3.0238942373197
Sri Lanka,"Inflation, GDP deflator (annual %)",2015,2.3484960062245
Sri Lanka,"Inflation, GDP deflator (annual %)",2016,2.5178459360124
Sri Lanka,"Inflation, GDP deflator (annual %)",2017,3.3410421591394
Sri Lanka,"Inflation, GDP deflator (annual %)",2018,3.2066452746209
Sri Lanka,"Inflation, GDP deflator (annual %)",2019,1.499486194791
Sri Lanka,"Inflation, GDP deflator (annual %)",2020,1.0332950631458
Sri Lanka,"Inflation, GDP deflator (annual %)",2021,2.778272944678
Sri Lanka,Total debt service (% of GNI),2012,1.3373015990433
Sri Lanka,Total debt service (% of GNI),2013,1.3075563460734
Sri Lanka,Total debt service (% of GNI),2014,1.496656109518
Sri Lanka,Total debt service (% of GNI),2015,1.7618967619767
Sri Lanka,Total debt service (% of GNI),2016,2.0589688650948
Sri Lanka,Total debt service (% of GNI),2017,2.1665001217052
Sri Lanka,Total debt service (% of GNI),2018,2.2019802833978
Sri Lanka,Total debt service (% of GNI),2019,2.5635188249328
Sri Lanka,Total debt service (% of GNI),2020,2.3249154277909
Sri Lanka,Total debt service (% of GNI),2021,2.3451531758712
Thailand,Consumer price index (2010 = 100),2012,102.923472935782
Thailand,Consumer price index (2010 = 100),2013,103.448123042833
Thailand,Consumer price index (2010 = 100),2014,104.690948425632
Thailand,Consumer price index (2010 = 100),2015,103.788947954679
Thailand,Consumer price index (2010 = 100),2016,104.477512032706
Thailand,Consumer price index (2010 = 100),2017,105.676551744532
Thailand,Consumer price index (2010 = 100),2018,105.961860070454
Thailand,Consumer price index (2010 = 100),2019,106.160082270615
Thailand,Consumer price index (2010 = 100),2020,106.288997389243
Thailand,Consumer price index (2010 = 100),2021,109.728123082434
Thailand,"GDP per capita, PPP (constant 2017 international $)",2012,8912.10575375588
Thailand,"GDP per capita, PPP (constant 2017 international $)",2013,9109.57214659117
Thailand,"GDP per capita, PPP (constant 2017 international $)",2014,9276.31779285874
Thailand,"GDP per capita, PPP (constant 2017 international $)",2015,9387.91454228407
Thailand,"GDP per capita, PPP (constant 2017 international $)",2016,9208.11394344737
Thailand,"GDP per capita, PPP (constant 2017 international $)",2017,8873.7540251936
Thailand,"GDP per capita, PPP (constant 2017 international $)",2018,8798.53857325264
Thailand,"GDP per capita, PPP (constant 2017 international $)",2019,9028.55148483032
Thailand,"GDP per capita, PPP (constant 2017 international $)",2020,7703.11804104352
Thailand,"GDP per capita, PPP (constant 2017 international $)",2021,8762.6226834013
Thailand,"Inflation, GDP deflator (annual %)",2012,0.7036717718077
Thailand,"Inflation, GDP deflator (annual %)",2013,2.0263577060972
Thailand,"Inflation, GDP deflator (annual %)",2014,1.2071938901207
Thailand,"Inflation, GDP deflator (annual %)",2015,0.0226244343891
Thailand,"Inflation, GDP deflator (annual %)",2016,2.0560064509781
Thailand,"Inflation, GDP deflator (annual %)",2017,2.9627537349324
Thailand,"Inflation, GDP deflator (annual %)",2018,0.163340769307
Thailand,"Inflation, GDP deflator (annual %)",2019,-0.1125309453051
Thailand,"Inflation, GDP deflator (annual %)",2020,-0.6029526902046
Thailand,"Inflation, GDP deflator (annual %)",2021,3.955286155188
Thailand,Total debt service (% of GNI),2012,8.6783995905318
Thailand,Total debt service (% of GNI),2013,7.0887744752133
Thailand,Total debt service (% of GNI),2014,4.6041186981302
Thailand,Total debt service (% of GNI),2015,4.6293360440652
Thailand,Total debt service (% of GNI),2016,4.7682175170583
Thailand,Total debt service (% of GNI),2017,4.8335208071085
Thailand,Total debt service (% of GNI),2018,5.2699954603358
Thailand,Total debt service (% of GNI),2019,4.6246365637691
Thailand,Total debt service (% of GNI),2020,3.9375717070275
Thailand,Total debt service (% of GNI),2021,25.6183389074185
Tonga,Consumer price index (2010 = 100),2012,106.947375362701
Tonga,Consumer price index (2010 = 100),2013,107.75768266948
Tonga,Consumer price index (2010 = 100),2014,108.987569242944
Tonga,Consumer price index (2010 = 100),2015,108.19045106832
Tonga,Consumer price index (2010 = 100),2016,108.843974500215
Tonga,Consumer price index (2010 = 100),2017,109.945860865915
Tonga,Consumer price index (2010 = 100),2018,111.144633577092
Tonga,Consumer price index (2010 = 100),2019,111.228352310936
Tonga,Consumer price index (2010 = 100),2020,110.815038640419
Tonga,Consumer price index (2010 = 100),2021,114.656913864201
Tonga,"GDP per capita, PPP (constant 2017 international $)",2012,7851.70174390033
Tonga,"GDP per capita, PPP (constant 2017 international $)",2013,7995.63291036521
Tonga,"GDP per capita, PPP (constant 2017 international $)",2014,8100.97530616545
Tonga,"GDP per capita, PPP (constant 2017 international $)",2015,8266.7225787575
Tonga,"GDP per capita, PPP (constant 2017 international $)",2016,8450.2508800789
Tonga,"GDP per capita, PPP (constant 2017 international $)",2017,8617.92170824529
Tonga,"GDP per capita, PPP (constant 2017 international $)",2018,8812.2009379822
Tonga,"GDP per capita, PPP (constant 2017 international $)",2019,9021.42602229223
Tonga,"GDP per capita, PPP (constant 2017 international $)",2020,8267.25102394745
Tonga,"GDP per capita, PPP (constant 2017 international $)",2021,9086.04709819138
Tonga,"Inflation, GDP deflator (annual %)",2012,2.5404066448998
Tonga,"Inflation, GDP deflator (annual %)",2013,0.5794661517236
Tonga,"Inflation, GDP deflator (annual %)",2014,1.0137788618596
Tonga,"Inflation, GDP deflator (annual %)",2015,1.3076178648078
Tonga,"Inflation, GDP deflator (annual %)",2016,0.6577461203815
Tonga,"Inflation, GDP deflator (annual %)",2017,0.986566489574
Tonga,"Inflation, GDP deflator (annual %)",2018,1.7162631968393
Tonga,"Inflation, GDP deflator (annual %)",2019,0.8480147135766
Tonga,"Inflation, GDP deflator (annual %)",2020,-0.4861268091942
Tonga,"Inflation, GDP deflator (annual %)",2021,6.0884253211911
Tonga,Total debt service (% of GNI),2012,5.7782584517433
Tonga,Total debt service (% of GNI),2013,5.4841449642775
Tonga,Total debt service (% of GNI),2014,6.0162316324822
Tonga,Total debt service (% of GNI),2015,5.8521827646434
Tonga,Total debt service (% of GNI),2016,6.1249477826372
Tonga,Total debt service (% of GNI),2017,16.1664764125491
Tonga,Total debt service (% of GNI),2018,14.4210891642458
Tonga,Total debt service (% of GNI),2019,22.053598851059
Tonga,Total debt service (% of GNI),2020,22.222514602964
Tonga,Total debt service (% of GNI),2021,21.774750017335
Tuvalu,"GDP per capita, PPP (constant 2017 international $)",2012,15548.1352490449
Tuvalu,"GDP per capita, PPP (constant 2017 international $)",2013,15836.7633097869
Tuvalu,"GDP per capita, PPP (constant 2017 international $)",2014,15919.5756540894
Tuvalu,"GDP per capita, PPP (constant 2017 international $)",2015,15865.8508326299
Tuvalu,"GDP per capita, PPP (constant 2017 international $)",2016,15715.3370817014
Tuvalu,"GDP per capita, PPP (constant 2017 international $)",2017,15872.3050559667
Tuvalu,"GDP per capita, PPP (constant 2017 international $)",2018,16006.955325969
Tuvalu,"GDP per capita, PPP (constant 2017 international $)",2019,15985.1467495654
Tuvalu,"GDP per capita, PPP (constant 2017 international $)",2020,14800.9729027182
Tuvalu,"GDP per capita, PPP (constant 2017 international $)",2021,15703.6998738581
Tuvalu,"Inflation, GDP deflator (annual %)",2012,4.3967710175724
Tuvalu,"Inflation, GDP deflator (annual %)",2013,3.2267476794057
Tuvalu,"Inflation, GDP deflator (annual %)",2014,2.9455073378557
Tuvalu,"Inflation, GDP deflator (annual %)",2015,2.8350862184182
Tuvalu,"Inflation, GDP deflator (annual %)",2016,2.7071912966318
Tuvalu,"Inflation, GDP deflator (annual %)",2017,3.6713845127504
Tuvalu,"Inflation, GDP deflator (annual %)",2018,2.2774153176213
Tuvalu,"Inflation, GDP deflator (annual %)",2019,2.9613962463567
Tuvalu,"Inflation, GDP deflator (annual %)",2020,1.744986282239
Tuvalu,"Inflation, GDP deflator (annual %)",2021,5.1640956554335
Tuvalu,Total debt service (% of GNI),2012,3.3843562814548
Tuvalu,Total debt service (% of GNI),2013,3.4253203247107
Tuvalu,Total debt service (% of GNI),2014,3.3143477295543
Tuvalu,Total debt service (% of GNI),2015,4.6877145410691
Tuvalu,Total debt service (% of GNI),2016,6.2983522031908
Tuvalu,Total debt service (% of GNI),2017,5.5261708410147
Tuvalu,Total debt service (% of GNI),2018,5.6018603268659
Tuvalu,Total debt service (% of GNI),2019,7.1487779684708
Tuvalu,Total debt service (% of GNI),2020,7.7668397100508
Tuvalu,Total debt service (% of GNI),2021,7.328420056294
Vanuatu,Consumer price index (2010 = 100),2012,115.938901345291
Vanuatu,Consumer price index (2010 = 100),2013,124.626307922272
Vanuatu,Consumer price index (2010 = 100),2014,135.661434977578
Vanuatu,Consumer price index (2010 = 100),2015,146.067825112108
Vanuatu,Consumer price index (2010 = 100),2016,157.424794469357
Vanuatu,Consumer price index (2010 = 100),2017,174.96870328849
Vanuatu,Consumer price index (2010 = 100),2018,203.545403587444
Vanuatu,Consumer price index (2010 = 100),2019,234.437126307922
Vanuatu,Consumer price index (2010 = 100),2020,263.223561285501
Vanuatu,Consumer price index (2010 = 100),2021,314.806147234679
Vanuatu,"GDP per capita, PPP (constant 2017 international $)",2012,22422.5364498002
Vanuatu,"GDP per capita, PPP (constant 2017 international $)",2013,23912.732066547
Vanuatu,"GDP per capita, PPP (constant 2017 international $)",2014,24600.5182148512
Vanuatu,"GDP per capita, PPP (constant 2017 international $)",2015,25594.6596877067
Vanuatu,"GDP per capita, PPP (constant 2017 international $)",2016,25996.966256167
Vanuatu,"GDP per capita, PPP (constant 2017 international $)",2017,27582.8323486902
Vanuatu,"GDP per capita, PPP (constant 2017 international $)",2018,28157.9779161848
Vanuatu,"GDP per capita, PPP (constant 2017 international $)",2019,28150.0589486703
Vanuatu,"GDP per capita, PPP (constant 2017 international $)",2020,28473.2058583828
Vanuatu,"GDP per capita, PPP (constant 2017 international $)",2021,31466.5599244857
Vanuatu,"Inflation, GDP deflator (annual %)",2012,7.4226732866055
Vanuatu,"Inflation, GDP deflator (annual %)",2013,6.2801096970818
Vanuatu,"Inflation, GDP deflator (annual %)",2014,7.389518637703
Vanuatu,"Inflation, GDP deflator (annual %)",2015,7.8449169301026
Vanuatu,"Inflation, GDP deflator (annual %)",2016,8.1304780781445
Vanuatu,"Inflation, GDP deflator (annual %)",2017,10.9824216683285
Vanuatu,"Inflation, GDP deflator (annual %)",2018,16.4758182074064
Vanuatu,"Inflation, GDP deflator (annual %)",2019,13.8192559838756
Vanuatu,"Inflation, GDP deflator (annual %)",2020,14.8528234526725
Vanuatu,"Inflation, GDP deflator (annual %)",2021,28.9505861055085
Vanuatu,Total debt service (% of GNI),2012,6.5158073083304
Vanuatu,Total debt service (% of GNI),2013,6.7237869376551
Vanuatu,Total debt service (% of GNI),2014,6.2656067028932
Vanuatu,Total debt service (% of GNI),2015,6.533221607182
Vanuatu,Total debt service (% of GNI),2016,8.8430513179638
Vanuatu,Total debt service (% of GNI),2017,10.2759327119095
Vanuatu,Total debt service (% of GNI),2018,11.0021115057338
Vanuatu,Total debt service (% of GNI),2019,11.6462434788382
Vanuatu,Total debt service (% of GNI),2020,12.2650992500563
Vanuatu,Total debt service (% of GNI),2021,9.1051944123769
Vietnam,Consumer price index (2010 = 100),2012,107.4902508746
Vietnam,Consumer price index (2010 = 100),2013,108.32397677907
Vietnam,Consumer price index (2010 = 100),2014,111.043857874478
Vietnam,Consumer price index (2010 = 100),2015,109.873457478337
Vietnam,Consumer price index (2010 = 100),2016,112.706165683491
Vietnam,Consumer price index (2010 = 100),2017,121.178358977414
Vietnam,Consumer price index (2010 = 100),2018,127.27617144704
Vietnam,Consumer price index (2010 = 100),2019,128.77744906121
Vietnam,Consumer price index (2010 = 100),2020,128.327065776959
Vietnam,Consumer price index (2010 = 100),2021,135.565368559565
Vietnam,"GDP per capita, PPP (constant 2017 international $)",2012,5381.74596208192
Vietnam,"GDP per capita, PPP (constant 2017 international $)",2013,5419.37367047945
Vietnam,"GDP per capita, PPP (constant 2017 international $)",2014,5552.78208178353
Vietnam,"GDP per capita, PPP (constant 2017 international $)",2015,5644.53508312205
Vietnam,"GDP per capita, PPP (constant 2017 international $)",2016,6039.0537960444
Vietnam,"GDP per capita, PPP (constant 2017 international $)",2017,6256.9812728523
Vietnam,"GDP per capita, PPP (constant 2017 international $)",2018,6287.88180207604
Vietnam,"GDP per capita, PPP (constant 2017 international $)",2019,6344.31147352943
Vietnam,"GDP per capita, PPP (constant 2017 international $)",2020,6356.95972065907
Vietnam,"GDP per capita, PPP (constant 2017 international $)",2021,6142.85705405471
Vietnam,"Inflation, GDP deflator (annual %)",2012,4.1940692306183
Vietnam,"Inflation, GDP deflator (annual %)",2013,-2.3714753252315
Vietnam,"Inflation, GDP deflator (annual %)",2014,0.0117765189696
Vietnam,"Inflation, GDP deflator (annual %)",2015,5.2833685833474
Vietnam,"Inflation, GDP deflator (annual %)",2016,3.0549572316622
Vietnam,"Inflation, GDP deflator (annual %)",2017,5.6138394807836
Vietnam,"Inflation, GDP deflator (annual %)",2018,5.1398703881787
Vietnam,"Inflation, GDP deflator (annual %)",2019,7.7037305942631
Vietnam,"Inflation, GDP deflator (annual %)",2020,-4.1980688031459
Vietnam,"Inflation, GDP deflator (annual %)",2021,-1.9462117932209
Vietnam,Total debt service (% of GNI),2012,1.3162705255149
Vietnam,Total debt service (% of GNI),2013,1.4278765977846
Vietnam,Total debt service (% of GNI),2014,1.4766824674327
Vietnam,Total debt service (% of GNI),2015,1.4572647650988
Vietnam,Total debt service (% of GNI),2016,1.4638982280445
Vietnam,Total debt service (% of GNI),2017,1.1656060285818
Vietnam,Total debt service (% of GNI),2018,1.9739698330865
Vietnam,Total debt service (% of GNI),2019,1.0044923217833
Vietnam,Total debt service (% of GNI),2020,1.1438081342258
Vietnam,Total debt service (% of GNI),2021,0.7127416281374
