atoll_official,atoll_local_names,indicator,value,range,indicator2,value2,range2
Alif Dhekunu Buri,Ari Atholhu Dhekunuburi,Aged-Dependency Ratio,10.046690899736921,0.3041356592737033,Aged-Dependency Ratio,10.046690899736921,0.3041356592737033
Alif Dhekunu Buri,Ari Atholhu Dhekunuburi,Child Dependency Ratio,48.690362956043636,0.5181919784024344,Child Dependency Ratio,48.690362956043636,0.5181919784024344
Alif Dhekunu Buri,Ari Atholhu Dhekunuburi,Combined rate of unemployment and potential labour force (%),13.518277789786978,0.32370173946281516,Combined rate of unemployment and potential labour force (%),13.518277789786978,0.32370173946281516
Alif Dhekunu Buri,Ari Atholhu Dhekunuburi,Dependency Ratio,58.73705385578058,0.500680805291472,Dependency Ratio,58.73705385578058,0.500680805291472
Alif Dhekunu Buri,Ari Atholhu Dhekunuburi,Employment-to-population ratio (%),68.2463332164761,0.7187246615030303,Employment-to-population ratio (%),68.2463332164761,0.7187246615030303
Alif Dhekunu Buri,Ari Atholhu Dhekunuburi,Growth Rate ( 2014 to 2022),0.122818927919501,0.33085389960125844,Growth Rate ( 2014 to 2022),0.122818927919501,0.33085389960125844
Alif Dhekunu Buri,Ari Atholhu Dhekunuburi,Inactivity rate (%),29.484052075274324,0.33054175506887656,Inactivity rate (%),29.484052075274324,0.33054175506887656
Alif Dhekunu Buri,Ari Atholhu Dhekunuburi,Labour force participation rate (%),70.51594792472558,0.6694582449311234,Labour force participation rate (%),70.51594792472558,0.6694582449311234
Alif Dhekunu Buri,Ari Atholhu Dhekunuburi,NEET rate (15-24 years) (%),24.26502797861719,0.6286691244054633,NEET rate (15-24 years) (%),24.26502797861719,0.6286691244054633
Alif Dhekunu Buri,Ari Atholhu Dhekunuburi,NEET rate (18-35 years) (%),15.583395992181423,0.4183720994415131,NEET rate (18-35 years) (%),15.583395992181423,0.4183720994415131
Alif Dhekunu Buri,Ari Atholhu Dhekunuburi,Population density,3376.406661464217,0.6005848499762544,Population density,3376.406661464217,0.6005848499762544
Alif Dhekunu Buri,Ari Atholhu Dhekunuburi,Sex Ratio (males per 100 female),101.51526293197962,0.29708375079235055,Sex Ratio (males per 100 female),101.51526293197962,0.29708375079235055
Alif Dhekunu Buri,Ari Atholhu Dhekunuburi,Unemployment rate (%),3.2140178228710696,0.15751141361420995,Unemployment rate (%),3.2140178228710696,0.15751141361420995
Alif Dhekunu Buri,Ari Atholhu Dhekunuburi,Youth unemployment rate (15-24 years),4.43018867924528,0.05989261294901471,Youth unemployment rate (15-24 years),4.43018867924528,0.05989261294901471
Alif Dhekunu Buri,Ari Atholhu Dhekunuburi,Youth unemployment rate (18-35years),2.34321785614117,0.08281884642819179,Youth unemployment rate (18-35years),2.34321785614117,0.08281884642819179
Alif Uthuru Buri,Ari Atholhu Uthuruburi,Aged-Dependency Ratio,8.457962619159506,0.16820113794388025,Aged-Dependency Ratio,8.457962619159506,0.16820113794388025
Alif Uthuru Buri,Ari Atholhu Uthuruburi,Child Dependency Ratio,54.717805201202935,0.7185700184473297,Child Dependency Ratio,54.717805201202935,0.7185700184473297
Alif Uthuru Buri,Ari Atholhu Uthuruburi,Combined rate of unemployment and potential labour force (%),10.853111489124897,0.04972878929491178,Combined rate of unemployment and potential labour force (%),10.853111489124897,0.04972878929491178
Alif Uthuru Buri,Ari Atholhu Uthuruburi,Dependency Ratio,63.17576782036245,0.6726616489247388,Dependency Ratio,63.17576782036245,0.6726616489247388
Alif Uthuru Buri,Ari Atholhu Uthuruburi,Employment-to-population ratio (%),68.261557882407,0.7194021186599024,Employment-to-population ratio (%),68.261557882407,0.7194021186599024
Alif Uthuru Buri,Ari Atholhu Uthuruburi,Growth Rate ( 2014 to 2022),1.44848003289927,0.843062550774846,Growth Rate ( 2014 to 2022),1.44848003289927,0.843062550774846
Alif Uthuru Buri,Ari Atholhu Uthuruburi,Inactivity rate (%),29.309220486554672,0.32168021056210977,Inactivity rate (%),29.309220486554672,0.32168021056210977
Alif Uthuru Buri,Ari Atholhu Uthuruburi,Labour force participation rate (%),70.69077951344524,0.6783197894378904,Labour force participation rate (%),70.69077951344524,0.6783197894378904
Alif Uthuru Buri,Ari Atholhu Uthuruburi,NEET rate (15-24 years) (%),22.759625722267046,0.5220400016043569,NEET rate (15-24 years) (%),22.759625722267046,0.5220400016043569
Alif Uthuru Buri,Ari Atholhu Uthuruburi,NEET rate (18-35 years) (%),16.504675084687555,0.5058812309686481,NEET rate (18-35 years) (%),16.504675084687555,0.5058812309686481
Alif Uthuru Buri,Ari Atholhu Uthuruburi,Population density,3368.0710119161395,0.5982464211983086,Population density,3368.0710119161395,0.5982464211983086
Alif Uthuru Buri,Ari Atholhu Uthuruburi,Sex Ratio (males per 100 female),105.61729006999528,0.36217461367842874,Sex Ratio (males per 100 female),105.61729006999528,0.36217461367842874
Alif Uthuru Buri,Ari Atholhu Uthuruburi,Unemployment rate (%),3.4229908504298705,0.18678178681289234,Unemployment rate (%),3.4229908504298705,0.18678178681289234
Alif Uthuru Buri,Ari Atholhu Uthuruburi,Youth unemployment rate (15-24 years),6.449389735164839,0.21193549499158792,Youth unemployment rate (15-24 years),6.449389735164839,0.21193549499158792
Alif Uthuru Buri,Ari Atholhu Uthuruburi,Youth unemployment rate (18-35years),2.52501641000939,0.10413889133061226,Youth unemployment rate (18-35years),2.52501641000939,0.10413889133061226
Baa Atoll,Maalhosmadulu Dhekunuburi,Aged-Dependency Ratio,9.569748655892386,0.26332760140026035,Aged-Dependency Ratio,9.569748655892386,0.26332760140026035
Baa Atoll,Maalhosmadulu Dhekunuburi,Child Dependency Ratio,48.571810667891874,0.5142507917138741,Child Dependency Ratio,48.571810667891874,0.5142507917138741
Baa Atoll,Maalhosmadulu Dhekunuburi,Combined rate of unemployment and potential labour force (%),15.234004743701744,0.5000745140734822,Combined rate of unemployment and potential labour force (%),15.234004743701744,0.5000745140734822
Baa Atoll,Maalhosmadulu Dhekunuburi,Dependency Ratio,58.14155932378429,0.47760798446793723,Dependency Ratio,58.14155932378429,0.47760798446793723
Baa Atoll,Maalhosmadulu Dhekunuburi,Employment-to-population ratio (%),65.922935626711,0.6153396458587039,Employment-to-population ratio (%),65.922935626711,0.6153396458587039
Baa Atoll,Maalhosmadulu Dhekunuburi,Growth Rate ( 2014 to 2022),0.920363773949124,0.6390091048047136,Growth Rate ( 2014 to 2022),0.920363773949124,0.6390091048047136
Baa Atoll,Maalhosmadulu Dhekunuburi,Inactivity rate (%),30.707322093108964,0.39254463330284056,Inactivity rate (%),30.707322093108964,0.39254463330284056
Baa Atoll,Maalhosmadulu Dhekunuburi,Labour force participation rate (%),69.29267790689094,0.6074553666971595,Labour force participation rate (%),69.29267790689094,0.6074553666971595
Baa Atoll,Maalhosmadulu Dhekunuburi,NEET rate (15-24 years) (%),23.131397584258387,0.5483729683307269,NEET rate (15-24 years) (%),23.131397584258387,0.5483729683307269
Baa Atoll,Maalhosmadulu Dhekunuburi,NEET rate (18-35 years) (%),16.522757734526714,0.5075988396672559,NEET rate (18-35 years) (%),16.522757734526714,0.5075988396672559
Baa Atoll,Maalhosmadulu Dhekunuburi,Population density,2215.9190537916975,0.27502922259784407,Population density,2215.9190537916975,0.27502922259784407
Baa Atoll,Maalhosmadulu Dhekunuburi,Sex Ratio (males per 100 female),98.00547615729424,0.2413905430138835,Sex Ratio (males per 100 female),98.00547615729424,0.2413905430138835
Baa Atoll,Maalhosmadulu Dhekunuburi,Unemployment rate (%),5.018016812921097,0.4101934190656194,Unemployment rate (%),5.018016812921097,0.4101934190656194
Baa Atoll,Maalhosmadulu Dhekunuburi,Youth unemployment rate (15-24 years),8.66065798746333,0.37844075560596235,Youth unemployment rate (15-24 years),8.66065798746333,0.37844075560596235
Baa Atoll,Maalhosmadulu Dhekunuburi,Youth unemployment rate (18-35years),3.48817699100448,0.2170915325817721,Youth unemployment rate (18-35years),3.48817699100448,0.2170915325817721
Dhaal Atoll,Nilandhe Atholhu Dhekunuburi,Aged-Dependency Ratio,8.509754396304013,0.17263253790133593,Aged-Dependency Ratio,8.509754396304013,0.17263253790133593
Dhaal Atoll,Nilandhe Atholhu Dhekunuburi,Child Dependency Ratio,48.54480466234157,0.5133529962242603,Child Dependency Ratio,48.54480466234157,0.5133529962242603
Dhaal Atoll,Nilandhe Atholhu Dhekunuburi,Combined rate of unemployment and potential labour force (%),13.80611707941376,0.35329095471504623,Combined rate of unemployment and potential labour force (%),13.80611707941376,0.35329095471504623
Dhaal Atoll,Nilandhe Atholhu Dhekunuburi,Dependency Ratio,57.0545590586456,0.435491456095119,Dependency Ratio,57.0545590586456,0.435491456095119
Dhaal Atoll,Nilandhe Atholhu Dhekunuburi,Employment-to-population ratio (%),67.09002197839743,0.6672718856350138,Employment-to-population ratio (%),67.09002197839743,0.6672718856350138
Dhaal Atoll,Nilandhe Atholhu Dhekunuburi,Growth Rate ( 2014 to 2022),1.24082994444574,0.7628307544859432,Growth Rate ( 2014 to 2022),1.24082994444574,0.7628307544859432
Dhaal Atoll,Nilandhe Atholhu Dhekunuburi,Inactivity rate (%),29.925917212255957,0.35293820874196047,Inactivity rate (%),29.925917212255957,0.35293820874196047
Dhaal Atoll,Nilandhe Atholhu Dhekunuburi,Labour force participation rate (%),70.07408278774395,0.6470617912580395,Labour force participation rate (%),70.07408278774395,0.6470617912580395
Dhaal Atoll,Nilandhe Atholhu Dhekunuburi,NEET rate (15-24 years) (%),20.550919161059362,0.36559514299385865,NEET rate (15-24 years) (%),20.550919161059362,0.36559514299385865
Dhaal Atoll,Nilandhe Atholhu Dhekunuburi,NEET rate (18-35 years) (%),14.735358502600098,0.337819935803631,NEET rate (18-35 years) (%),14.735358502600098,0.337819935803631
Dhaal Atoll,Nilandhe Atholhu Dhekunuburi,Population density,2493.5612978037625,0.35291716757761016,Population density,2493.5612978037625,0.35291716757761016
Dhaal Atoll,Nilandhe Atholhu Dhekunuburi,Sex Ratio (males per 100 female),98.1061977430341,0.2429887905891624,Sex Ratio (males per 100 female),98.1061977430341,0.2429887905891624
Dhaal Atoll,Nilandhe Atholhu Dhekunuburi,Unemployment rate (%),4.335363068022905,0.3145756730240839,Unemployment rate (%),4.335363068022905,0.3145756730240839
Dhaal Atoll,Nilandhe Atholhu Dhekunuburi,Youth unemployment rate (15-24 years),7.122946765318105,0.2626533528216992,Youth unemployment rate (15-24 years),7.122946765318105,0.2626533528216992
Dhaal Atoll,Nilandhe Atholhu Dhekunuburi,Youth unemployment rate (18-35years),2.5888056914159803,0.1116196457972702,Youth unemployment rate (18-35years),2.5888056914159803,0.1116196457972702
Faafu Atoll,Nilandhe Atholhu Uthuruburi,Aged-Dependency Ratio,8.440839744979522,0.16673607325415185,Aged-Dependency Ratio,8.440839744979522,0.16673607325415185
Faafu Atoll,Nilandhe Atholhu Uthuruburi,Child Dependency Ratio,63.18331848541764,1,Child Dependency Ratio,63.18331848541764,1
Faafu Atoll,Nilandhe Atholhu Uthuruburi,Combined rate of unemployment and potential labour force (%),16.676946629494537,0.6484056126894606,Combined rate of unemployment and potential labour force (%),16.676946629494537,0.6484056126894606
Faafu Atoll,Nilandhe Atholhu Uthuruburi,Dependency Ratio,71.62415823039713,1,Dependency Ratio,71.62415823039713,1
Faafu Atoll,Nilandhe Atholhu Uthuruburi,Employment-to-population ratio (%),61.654560878909685,0.4254083176946341,Employment-to-population ratio (%),61.654560878909685,0.4254083176946341
Faafu Atoll,Nilandhe Atholhu Uthuruburi,Growth Rate ( 2014 to 2022),0.937809980821937,0.6457499664448801,Growth Rate ( 2014 to 2022),0.937809980821937,0.6457499664448801
Faafu Atoll,Nilandhe Atholhu Uthuruburi,Inactivity rate (%),35.87989542074564,0.6547225903473668,Inactivity rate (%),35.87989542074564,0.6547225903473668
Faafu Atoll,Nilandhe Atholhu Uthuruburi,Labour force participation rate (%),64.12010457925427,0.34527740965263365,Labour force participation rate (%),64.12010457925427,0.34527740965263365
Faafu Atoll,Nilandhe Atholhu Uthuruburi,NEET rate (15-24 years) (%),22.390618448222718,0.4959028533620187,NEET rate (15-24 years) (%),22.390618448222718,0.4959028533620187
Faafu Atoll,Nilandhe Atholhu Uthuruburi,NEET rate (18-35 years) (%),17.591448411779048,0.609110090490388,NEET rate (18-35 years) (%),17.591448411779048,0.609110090490388
Faafu Atoll,Nilandhe Atholhu Uthuruburi,Population density,2831.6789360839216,0.44777048538147096,Population density,2831.6789360839216,0.44777048538147096
Faafu Atoll,Nilandhe Atholhu Uthuruburi,Sex Ratio (males per 100 female),92.82612293748468,0.1592046971073944,Sex Ratio (males per 100 female),92.82612293748468,0.1592046971073944
Faafu Atoll,Nilandhe Atholhu Uthuruburi,Unemployment rate (%),3.920731588339912,0.25649919161392604,Unemployment rate (%),3.920731588339912,0.25649919161392604
Faafu Atoll,Nilandhe Atholhu Uthuruburi,Youth unemployment rate (15-24 years),11.660768516426964,0.6043446842576676,Youth unemployment rate (15-24 years),11.660768516426964,0.6043446842576676
Faafu Atoll,Nilandhe Atholhu Uthuruburi,Youth unemployment rate (18-35years),3.843311304891875,0.25873916595050545,Youth unemployment rate (18-35years),3.843311304891875,0.25873916595050545
Gaaf Alif Atoll,Huvadhu Atholhu Uthuruburi,Aged-Dependency Ratio,13.79592657155439,0.6249271770126429,Aged-Dependency Ratio,13.79592657155439,0.6249271770126429
Gaaf Alif Atoll,Huvadhu Atholhu Uthuruburi,Child Dependency Ratio,46.101053435968254,0.4321122209200661,Child Dependency Ratio,46.101053435968254,0.4321122209200661
Gaaf Alif Atoll,Huvadhu Atholhu Uthuruburi,Combined rate of unemployment and potential labour force (%),15.193590460625753,0.4959200189635526,Combined rate of unemployment and potential labour force (%),15.193590460625753,0.4959200189635526
Gaaf Alif Atoll,Huvadhu Atholhu Uthuruburi,Dependency Ratio,59.89698000752267,0.5456228943110976,Dependency Ratio,59.89698000752267,0.5456228943110976
Gaaf Alif Atoll,Huvadhu Atholhu Uthuruburi,Employment-to-population ratio (%),60.027459069408735,0.3530066130655208,Employment-to-population ratio (%),60.027459069408735,0.3530066130655208
Gaaf Alif Atoll,Huvadhu Atholhu Uthuruburi,Growth Rate ( 2014 to 2022),-0.459181251410578,0.10598079612282812,Growth Rate ( 2014 to 2022),-0.459181251410578,0.10598079612282812
Gaaf Alif Atoll,Huvadhu Atholhu Uthuruburi,Inactivity rate (%),36.73883975202373,0.698259193064289,Inactivity rate (%),36.73883975202373,0.698259193064289
Gaaf Alif Atoll,Huvadhu Atholhu Uthuruburi,Labour force participation rate (%),63.26116024797617,0.30174080693571076,Labour force participation rate (%),63.26116024797617,0.30174080693571076
Gaaf Alif Atoll,Huvadhu Atholhu Uthuruburi,NEET rate (15-24 years) (%),29.50752011667209,1,NEET rate (15-24 years) (%),29.50752011667209,1
Gaaf Alif Atoll,Huvadhu Atholhu Uthuruburi,NEET rate (18-35 years) (%),19.367340155829687,0.777795937669804,NEET rate (18-35 years) (%),19.367340155829687,0.777795937669804
Gaaf Alif Atoll,Huvadhu Atholhu Uthuruburi,Population density,1855.5094630358283,0.17392226578419262,Population density,1855.5094630358283,0.17392226578419262
Gaaf Alif Atoll,Huvadhu Atholhu Uthuruburi,Sex Ratio (males per 100 female),103.8304984417255,0.33382184930886816,Sex Ratio (males per 100 female),103.8304984417255,0.33382184930886816
Gaaf Alif Atoll,Huvadhu Atholhu Uthuruburi,Unemployment rate (%),5.06513055834441,0.4167925334462542,Unemployment rate (%),5.06513055834441,0.4167925334462542
Gaaf Alif Atoll,Huvadhu Atholhu Uthuruburi,Youth unemployment rate (15-24 years),10.347035759625186,0.5054225318586769,Youth unemployment rate (15-24 years),10.347035759625186,0.5054225318586769
Gaaf Alif Atoll,Huvadhu Atholhu Uthuruburi,Youth unemployment rate (18-35years),5.4996390356397,0.45298153389731055,Youth unemployment rate (18-35years),5.4996390356397,0.45298153389731055
Gaaf Dhaal Atoll,Huvadhu Atholhu Dhekunuburi,Aged-Dependency Ratio,18.17957242785747,1,Aged-Dependency Ratio,18.17957242785747,1
Gaaf Dhaal Atoll,Huvadhu Atholhu Dhekunuburi,Child Dependency Ratio,47.14945000684437,0.46696542092055704,Child Dependency Ratio,47.14945000684437,0.46696542092055704
Gaaf Dhaal Atoll,Huvadhu Atholhu Dhekunuburi,Combined rate of unemployment and potential labour force (%),19.707273333134996,0.9599162102693224,Combined rate of unemployment and potential labour force (%),19.707273333134996,0.9599162102693224
Gaaf Dhaal Atoll,Huvadhu Atholhu Dhekunuburi,Dependency Ratio,65.32902243470186,0.7560908917383607,Dependency Ratio,65.32902243470186,0.7560908917383607
Gaaf Dhaal Atoll,Huvadhu Atholhu Dhekunuburi,Employment-to-population ratio (%),55.13453432426404,0.1352844704793107,Employment-to-population ratio (%),55.13453432426404,0.1352844704793107
Gaaf Dhaal Atoll,Huvadhu Atholhu Dhekunuburi,Growth Rate ( 2014 to 2022),-0.306582812076205,0.1649417481256,Growth Rate ( 2014 to 2022),-0.306582812076205,0.1649417481256
Gaaf Dhaal Atoll,Huvadhu Atholhu Dhekunuburi,Inactivity rate (%),41.8951948760122,0.959615111400016,Inactivity rate (%),41.8951948760122,0.959615111400016
Gaaf Dhaal Atoll,Huvadhu Atholhu Dhekunuburi,Labour force participation rate (%),58.10480512398771,0.04038488859998402,Labour force participation rate (%),58.10480512398771,0.04038488859998402
Gaaf Dhaal Atoll,Huvadhu Atholhu Dhekunuburi,NEET rate (15-24 years) (%),29.44033883764268,0.9952414839147843,NEET rate (15-24 years) (%),29.44033883764268,0.9952414839147843
Gaaf Dhaal Atoll,Huvadhu Atholhu Dhekunuburi,NEET rate (18-35 years) (%),21.663545900796024,0.9959046217635816,NEET rate (18-35 years) (%),21.663545900796024,0.9959046217635816
Gaaf Dhaal Atoll,Huvadhu Atholhu Dhekunuburi,Population density,1503.714287045054,0.07523194072499222,Population density,1503.714287045054,0.07523194072499222
Gaaf Dhaal Atoll,Huvadhu Atholhu Dhekunuburi,Sex Ratio (males per 100 female),100.04013285483454,0.27367642403413983,Sex Ratio (males per 100 female),100.04013285483454,0.27367642403413983
Gaaf Dhaal Atoll,Huvadhu Atholhu Dhekunuburi,Unemployment rate (%),5.292882589164076,0.44869323860770705,Unemployment rate (%),5.292882589164076,0.44869323860770705
Gaaf Dhaal Atoll,Huvadhu Atholhu Dhekunuburi,Youth unemployment rate (15-24 years),10.618300279544759,0.5258483528949501,Youth unemployment rate (15-24 years),10.618300279544759,0.5258483528949501
Gaaf Dhaal Atoll,Huvadhu Atholhu Dhekunuburi,Youth unemployment rate (18-35years),5.728376111903785,0.4798061957718688,Youth unemployment rate (18-35years),5.728376111903785,0.4798061957718688
Gnaviyani Atoll,Fuvahmulah,Aged-Dependency Ratio,14.3887858173572,0.6756533073266792,Aged-Dependency Ratio,14.3887858173572,0.6756533073266792
Gnaviyani Atoll,Fuvahmulah,Child Dependency Ratio,48.60853432282,0.5154716435608897,Child Dependency Ratio,48.60853432282,0.5154716435608897
Gnaviyani Atoll,Fuvahmulah,Combined rate of unemployment and potential labour force (%),14.79072158597635,0.4545060276148323,Combined rate of unemployment and potential labour force (%),14.79072158597635,0.4545060276148323
Gnaviyani Atoll,Fuvahmulah,Dependency Ratio,62.9973201401772,0.6657475781313644,Dependency Ratio,62.9973201401772,0.6657475781313644
Gnaviyani Atoll,Fuvahmulah,Employment-to-population ratio (%),55.2048236036169,0.1384121565359442,Employment-to-population ratio (%),55.2048236036169,0.1384121565359442
Gnaviyani Atoll,Fuvahmulah,Growth Rate ( 2014 to 2022),-0.121290311894528,0.23653502429106987,Growth Rate ( 2014 to 2022),-0.121290311894528,0.23653502429106987
Gnaviyani Atoll,Fuvahmulah,Inactivity rate (%),41.31139288478045,0.9300244214890819,Inactivity rate (%),41.31139288478045,0.9300244214890819
Gnaviyani Atoll,Fuvahmulah,Labour force participation rate (%),58.68860711521945,0.06997557851091774,Labour force participation rate (%),58.68860711521945,0.06997557851091774
Gnaviyani Atoll,Fuvahmulah,NEET rate (15-24 years) (%),23.8470848495535,0.5990658014100144,NEET rate (15-24 years) (%),23.8470848495535,0.5990658014100144
Gnaviyani Atoll,Fuvahmulah,NEET rate (18-35 years) (%),20.631362138410836,0.8978610371891957,NEET rate (18-35 years) (%),20.631362138410836,0.8978610371891957
Gnaviyani Atoll,Fuvahmulah,Population density,1725.491096289185,0.1374477608630988,Population density,1725.491096289185,0.1374477608630988
Gnaviyani Atoll,Fuvahmulah,Sex Ratio (males per 100 female),88.576198425948,0.09176700243859784,Sex Ratio (males per 100 female),88.576198425948,0.09176700243859784
Gnaviyani Atoll,Fuvahmulah,Unemployment rate (%),6.005928589080545,0.5485679581789206,Unemployment rate (%),6.005928589080545,0.5485679581789206
Gnaviyani Atoll,Fuvahmulah,Youth unemployment rate (15-24 years),16.8290655138011,0.9935098782976838,Youth unemployment rate (15-24 years),16.8290655138011,0.9935098782976838
Gnaviyani Atoll,Fuvahmulah,Youth unemployment rate (18-35years),8.13864368648833,0.7624652809164041,Youth unemployment rate (18-35years),8.13864368648833,0.7624652809164041
Haa Alif Atoll,Thiladhunmathee Uthuruburi,Aged-Dependency Ratio,13.624926479785447,0.6102960938336371,Aged-Dependency Ratio,13.624926479785447,0.6102960938336371
Haa Alif Atoll,Thiladhunmathee Uthuruburi,Child Dependency Ratio,51.42070881852754,0.6089603890012412,Child Dependency Ratio,51.42070881852754,0.6089603890012412
Haa Alif Atoll,Thiladhunmathee Uthuruburi,Combined rate of unemployment and potential labour force (%),16.22243276212036,0.6016826351755276,Combined rate of unemployment and potential labour force (%),16.22243276212036,0.6016826351755276
Haa Alif Atoll,Thiladhunmathee Uthuruburi,Dependency Ratio,65.04563529831302,0.7451108738368108,Dependency Ratio,65.04563529831302,0.7451108738368108
Haa Alif Atoll,Thiladhunmathee Uthuruburi,Employment-to-population ratio (%),57.83925728452216,0.2556374513000081,Employment-to-population ratio (%),57.83925728452216,0.2556374513000081
Haa Alif Atoll,Thiladhunmathee Uthuruburi,Growth Rate ( 2014 to 2022),0.141253205052749,0.3379765316150604,Growth Rate ( 2014 to 2022),0.141253205052749,0.3379765316150604
Haa Alif Atoll,Thiladhunmathee Uthuruburi,Inactivity rate (%),39.71022528655921,0.8488673603519057,Inactivity rate (%),39.71022528655921,0.8488673603519057
Haa Alif Atoll,Thiladhunmathee Uthuruburi,Labour force participation rate (%),60.2897747134407,0.15113263964809434,Labour force participation rate (%),60.2897747134407,0.15113263964809434
Haa Alif Atoll,Thiladhunmathee Uthuruburi,NEET rate (15-24 years) (%),24.8076172617004,0.6671012571144413,NEET rate (15-24 years) (%),24.8076172617004,0.6671012571144413
Haa Alif Atoll,Thiladhunmathee Uthuruburi,NEET rate (18-35 years) (%),19.1918125162093,0.7611231710487751,NEET rate (18-35 years) (%),19.1918125162093,0.7611231710487751
Haa Alif Atoll,Thiladhunmathee Uthuruburi,Population density,1372.801906727534,0.0385066350654611,Population density,1372.801906727534,0.0385066350654611
Haa Alif Atoll,Thiladhunmathee Uthuruburi,Sex Ratio (males per 100 female),88.25673426997494,0.08669775329084166,Sex Ratio (males per 100 female),88.25673426997494,0.08669775329084166
Haa Alif Atoll,Thiladhunmathee Uthuruburi,Unemployment rate (%),4.1891093478321935,0.2940902495142329,Unemployment rate (%),4.1891093478321935,0.2940902495142329
Haa Alif Atoll,Thiladhunmathee Uthuruburi,Youth unemployment rate (15-24 years),10.32979229427618,0.5041241241739256,Youth unemployment rate (15-24 years),10.32979229427618,0.5041241241739256
Haa Alif Atoll,Thiladhunmathee Uthuruburi,Youth unemployment rate (18-35years),4.624502956410565,0.35035178185638993,Youth unemployment rate (18-35years),4.624502956410565,0.35035178185638993
Haa Dhaal Atoll,Thiladhunmathee Dhekunuburi,Aged-Dependency Ratio,12.520805011411392,0.5158254249796405,Aged-Dependency Ratio,12.520805011411392,0.5158254249796405
Haa Dhaal Atoll,Thiladhunmathee Dhekunuburi,Child Dependency Ratio,54.200812355806775,0.7013829581879115,Child Dependency Ratio,54.200812355806775,0.7013829581879115
Haa Dhaal Atoll,Thiladhunmathee Dhekunuburi,Combined rate of unemployment and potential labour force (%),17.35882798460993,0.7185014436622007,Combined rate of unemployment and potential labour force (%),17.35882798460993,0.7185014436622007
Haa Dhaal Atoll,Thiladhunmathee Dhekunuburi,Dependency Ratio,66.72161736721822,0.8100478831652992,Dependency Ratio,66.72161736721822,0.8100478831652992
Haa Dhaal Atoll,Thiladhunmathee Dhekunuburi,Employment-to-population ratio (%),57.90747496593664,0.25867295675603674,Employment-to-population ratio (%),57.90747496593664,0.25867295675603674
Haa Dhaal Atoll,Thiladhunmathee Dhekunuburi,Growth Rate ( 2014 to 2022),1.13125647748311,0.7204937820074462,Growth Rate ( 2014 to 2022),1.13125647748311,0.7204937820074462
Haa Dhaal Atoll,Thiladhunmathee Dhekunuburi,Inactivity rate (%),39.27521238566671,0.8268182203165886,Inactivity rate (%),39.27521238566671,0.8268182203165886
Haa Dhaal Atoll,Thiladhunmathee Dhekunuburi,Labour force participation rate (%),60.72478761433319,0.17318177968341109,Labour force participation rate (%),60.72478761433319,0.17318177968341109
Haa Dhaal Atoll,Thiladhunmathee Dhekunuburi,NEET rate (15-24 years) (%),25.07561004825208,0.6860834498316969,NEET rate (15-24 years) (%),25.07561004825208,0.6860834498316969
Haa Dhaal Atoll,Thiladhunmathee Dhekunuburi,NEET rate (18-35 years) (%),21.13142876544519,0.9453606457154673,NEET rate (18-35 years) (%),21.13142876544519,0.9453606457154673
Haa Dhaal Atoll,Thiladhunmathee Dhekunuburi,Population density,1235.5397338494893,0,Population density,1235.5397338494893,0
Haa Dhaal Atoll,Thiladhunmathee Dhekunuburi,Sex Ratio (males per 100 female),82.79304058033293,0,Sex Ratio (males per 100 female),82.79304058033293,0
Haa Dhaal Atoll,Thiladhunmathee Dhekunuburi,Unemployment rate (%),4.772949468269504,0.3758673975662952,Unemployment rate (%),4.772949468269504,0.3758673975662952
Haa Dhaal Atoll,Thiladhunmathee Dhekunuburi,Youth unemployment rate (15-24 years),10.140636290745629,0.4898809541596633,Youth unemployment rate (15-24 years),10.140636290745629,0.4898809541596633
Haa Dhaal Atoll,Thiladhunmathee Dhekunuburi,Youth unemployment rate (18-35years),5.427812198027896,0.44455819184920736,Youth unemployment rate (18-35years),5.427812198027896,0.44455819184920736
Kaafu Atoll,Malé Atholhu,Aged-Dependency Ratio,6.492119784958727,0,Aged-Dependency Ratio,6.492119784958727,0
Kaafu Atoll,Malé Atholhu,Child Dependency Ratio,40.79493601135522,0.2557141126435549,Child Dependency Ratio,40.79493601135522,0.2557141126435549
Kaafu Atoll,Malé Atholhu,Combined rate of unemployment and potential labour force (%),12.954544047909696,0.26575121069733343,Combined rate of unemployment and potential labour force (%),12.954544047909696,0.26575121069733343
Kaafu Atoll,Malé Atholhu,Dependency Ratio,47.28705579631397,0.05704322432113939,Dependency Ratio,47.28705579631397,0.05704322432113939
Kaafu Atoll,Malé Atholhu,Employment-to-population ratio (%),65.94137588775799,0.6161601884491013,Employment-to-population ratio (%),65.94137588775799,0.6161601884491013
Kaafu Atoll,Malé Atholhu,Growth Rate ( 2014 to 2022),1.64164666660175,0.9176982329479303,Growth Rate ( 2014 to 2022),1.64164666660175,0.9176982329479303
Kaafu Atoll,Malé Atholhu,Inactivity rate (%),31.05050915049012,0.40993947256158614,Inactivity rate (%),31.05050915049012,0.40993947256158614
Kaafu Atoll,Malé Atholhu,Labour force participation rate (%),68.94949084950979,0.590060527438414,Labour force participation rate (%),68.94949084950979,0.590060527438414
Kaafu Atoll,Malé Atholhu,NEET rate (15-24 years) (%),22.263386633918046,0.48689089878677266,NEET rate (15-24 years) (%),22.263386633918046,0.48689089878677266
Kaafu Atoll,Malé Atholhu,NEET rate (18-35 years) (%),17.954928254052277,0.6436357902307612,NEET rate (18-35 years) (%),17.954928254052277,0.6436357902307612
Kaafu Atoll,Malé Atholhu,Population density,4800.176650180915,1,Population density,4800.176650180915,1
Kaafu Atoll,Malé Atholhu,Sex Ratio (males per 100 female),137.41866343589112,0.8667980019941505,Sex Ratio (males per 100 female),137.41866343589112,0.8667980019941505
Kaafu Atoll,Malé Atholhu,Unemployment rate (%),4.630199127792933,0.3558726844265217,Unemployment rate (%),4.630199127792933,0.3558726844265217
Kaafu Atoll,Malé Atholhu,Youth unemployment rate (15-24 years),3.63478658160174,0,Youth unemployment rate (15-24 years),3.63478658160174,0
Kaafu Atoll,Malé Atholhu,Youth unemployment rate (18-35years),1.6370117209012716,0,Youth unemployment rate (18-35years),1.6370117209012716,0
Laamu Atoll,Hadhdhummathi Atholhu,Aged-Dependency Ratio,10.062503134626098,0.30548858324886774,Aged-Dependency Ratio,10.062503134626098,0.30548858324886774
Laamu Atoll,Hadhdhummathi Atholhu,Child Dependency Ratio,50.1491067297024,0.56668687995511,Child Dependency Ratio,50.1491067297024,0.56668687995511
Laamu Atoll,Hadhdhummathi Atholhu,Combined rate of unemployment and potential labour force (%),20.096645046634837,0.9999427245746332,Combined rate of unemployment and potential labour force (%),20.096645046634837,0.9999427245746332
Laamu Atoll,Hadhdhummathi Atholhu,Dependency Ratio,60.21160986432853,0.5578134316238083,Dependency Ratio,60.21160986432853,0.5578134316238083
Laamu Atoll,Hadhdhummathi Atholhu,Employment-to-population ratio (%),58.92715985359932,0.30404622327214204,Employment-to-population ratio (%),58.92715985359932,0.30404622327214204
Laamu Atoll,Hadhdhummathi Atholhu,Growth Rate ( 2014 to 2022),1.23813839994021,0.7617907961017284,Growth Rate ( 2014 to 2022),1.23813839994021,0.7617907961017284
Laamu Atoll,Hadhdhummathi Atholhu,Inactivity rate (%),36.83528515454281,0.7031476416172923,Inactivity rate (%),36.83528515454281,0.7031476416172923
Laamu Atoll,Hadhdhummathi Atholhu,Labour force participation rate (%),63.1647148454571,0.29685235838270774,Labour force participation rate (%),63.1647148454571,0.29685235838270774
Laamu Atoll,Hadhdhummathi Atholhu,NEET rate (15-24 years) (%),29.28039457372556,0.9839124743516522,NEET rate (15-24 years) (%),29.28039457372556,0.9839124743516522
Laamu Atoll,Hadhdhummathi Atholhu,NEET rate (18-35 years) (%),21.272726521805247,0.9587820334864255,NEET rate (18-35 years) (%),21.272726521805247,0.9587820334864255
Laamu Atoll,Hadhdhummathi Atholhu,Population density,1376.2429839606673,0.03947197243751374,Population density,1376.2429839606673,0.03947197243751374
Laamu Atoll,Hadhdhummathi Atholhu,Sex Ratio (males per 100 female),94.93520285353365,0.19267152387678882,Sex Ratio (males per 100 female),94.93520285353365,0.19267152387678882
Laamu Atoll,Hadhdhummathi Atholhu,Unemployment rate (%),6.6564438631439335,0.6396841422420568,Unemployment rate (%),6.6564438631439335,0.6396841422420568
Laamu Atoll,Hadhdhummathi Atholhu,Youth unemployment rate (15-24 years),16.163253659415652,0.9433752208587434,Youth unemployment rate (15-24 years),16.163253659415652,0.9433752208587434
Laamu Atoll,Hadhdhummathi Atholhu,Youth unemployment rate (18-35years),6.99336748961856,0.6281554119796238,Youth unemployment rate (18-35years),6.99336748961856,0.6281554119796238
Lhaviyani Atoll,Faadhippolhu,Aged-Dependency Ratio,8.915662938896865,0.20736282130825792,Aged-Dependency Ratio,8.915662938896865,0.20736282130825792
Lhaviyani Atoll,Faadhippolhu,Child Dependency Ratio,45.85632421641836,0.4239763716890746,Child Dependency Ratio,45.85632421641836,0.4239763716890746
Lhaviyani Atoll,Faadhippolhu,Combined rate of unemployment and potential labour force (%),19.860095867141258,0.9756260143755161,Combined rate of unemployment and potential labour force (%),19.860095867141258,0.9756260143755161
Lhaviyani Atoll,Faadhippolhu,Dependency Ratio,54.771987155315216,0.3470517312737584,Dependency Ratio,54.771987155315216,0.3470517312737584
Lhaviyani Atoll,Faadhippolhu,Employment-to-population ratio (%),56.55916026894621,0.19867653743637828,Employment-to-population ratio (%),56.55916026894621,0.19867653743637828
Lhaviyani Atoll,Faadhippolhu,Growth Rate ( 2014 to 2022),0.628778279272108,0.5263463644035181,Growth Rate ( 2014 to 2022),0.628778279272108,0.5263463644035181
Lhaviyani Atoll,Faadhippolhu,Inactivity rate (%),40.29074857082339,0.8782918651476069,Inactivity rate (%),40.29074857082339,0.8782918651476069
Lhaviyani Atoll,Faadhippolhu,Labour force participation rate (%),59.70925142917652,0.12170813485239307,Labour force participation rate (%),59.70925142917652,0.12170813485239307
Lhaviyani Atoll,Faadhippolhu,NEET rate (15-24 years) (%),26.50594227159709,0.7873952883426926,NEET rate (15-24 years) (%),26.50594227159709,0.7873952883426926
Lhaviyani Atoll,Faadhippolhu,NEET rate (18-35 years) (%),21.293094893709466,0.9607167550604399,NEET rate (18-35 years) (%),21.293094893709466,0.9607167550604399
Lhaviyani Atoll,Faadhippolhu,Population density,4743.958619406626,0.9842289601735521,Population density,4743.958619406626,0.9842289601735521
Lhaviyani Atoll,Faadhippolhu,Sex Ratio (males per 100 female),91.84728035279092,0.14367244772832827,Sex Ratio (males per 100 female),91.84728035279092,0.14367244772832827
Lhaviyani Atoll,Faadhippolhu,Unemployment rate (%),5.422833651652053,0.46689518620363823,Unemployment rate (%),5.422833651652053,0.46689518620363823
Lhaviyani Atoll,Faadhippolhu,Youth unemployment rate (15-24 years),8.085904920767305,0.3351626915087375,Youth unemployment rate (15-24 years),8.085904920767305,0.3351626915087375
Lhaviyani Atoll,Faadhippolhu,Youth unemployment rate (18-35years),4.04600337962332,0.2825094547822397,Youth unemployment rate (18-35years),4.04600337962332,0.2825094547822397
Meemu Atoll,Meemu (M),Aged-Dependency Ratio,11.69244749796576,0.444949628623029,Aged-Dependency Ratio,11.69244749796576,0.444949628623029
Meemu Atoll,Meemu (M),Child Dependency Ratio,43.14052322325695,0.33369149494907674,Child Dependency Ratio,43.14052322325695,0.33369149494907674
Meemu Atoll,Meemu (M),Combined rate of unemployment and potential labour force (%),12.106375610910291,0.17856145114413044,Combined rate of unemployment and potential labour force (%),12.106375610910291,0.17856145114413044
Meemu Atoll,Meemu (M),Dependency Ratio,54.832970721222736,0.34941457898060047,Dependency Ratio,54.832970721222736,0.34941457898060047
Meemu Atoll,Meemu (M),Employment-to-population ratio (%),68.78641446327505,0.7427568410987582,Employment-to-population ratio (%),68.78641446327505,0.7427568410987582
Meemu Atoll,Meemu (M),Growth Rate ( 2014 to 2022),0.103499821220576,0.323389387331144,Growth Rate ( 2014 to 2022),0.103499821220576,0.323389387331144
Meemu Atoll,Meemu (M),Inactivity rate (%),29.756392828314066,0.34434566614548384,Inactivity rate (%),29.756392828314066,0.34434566614548384
Meemu Atoll,Meemu (M),Labour force participation rate (%),70.24360717168584,0.6556543338545161,Labour force participation rate (%),70.24360717168584,0.6556543338545161
Meemu Atoll,Meemu (M),NEET rate (15-24 years) (%),15.389404757530027,0,NEET rate (15-24 years) (%),15.389404757530027,0
Meemu Atoll,Meemu (M),NEET rate (18-35 years) (%),12.408399137067777,0.11679007109375641,NEET rate (18-35 years) (%),12.408399137067777,0.11679007109375641
Meemu Atoll,Meemu (M),Population density,2269.9270907009377,0.2901802851539776,Population density,2269.9270907009377,0.2901802851539776
Meemu Atoll,Meemu (M),Sex Ratio (males per 100 female),104.76703603854651,0.3486828042102594,Sex Ratio (males per 100 female),104.76703603854651,0.3486828042102594
Meemu Atoll,Meemu (M),Unemployment rate (%),2.089480163081011,0,Unemployment rate (%),2.089480163081011,0
Meemu Atoll,Meemu (M),Youth unemployment rate (15-24 years),3.86088555232112,0.017024921334234576,Youth unemployment rate (15-24 years),3.86088555232112,0.017024921334234576
Meemu Atoll,Meemu (M),Youth unemployment rate (18-35years),2.7408286927167103,0.1294478250922589,Youth unemployment rate (18-35years),2.7408286927167103,0.1294478250922589
Noonu Atoll,Miladhunmadulu Dhekunuburi,Aged-Dependency Ratio,10.209580367517864,0.3180727825081588,Aged-Dependency Ratio,10.209580367517864,0.3180727825081588
Noonu Atoll,Miladhunmadulu Dhekunuburi,Child Dependency Ratio,52.46832248242294,0.643787561814751,Child Dependency Ratio,52.46832248242294,0.643787561814751
Noonu Atoll,Miladhunmadulu Dhekunuburi,Combined rate of unemployment and potential labour force (%),15.764056243734421,0.5545625860443756,Combined rate of unemployment and potential labour force (%),15.764056243734421,0.5545625860443756
Noonu Atoll,Miladhunmadulu Dhekunuburi,Dependency Ratio,62.67790284994082,0.6533715486137517,Dependency Ratio,62.67790284994082,0.6533715486137517
Noonu Atoll,Miladhunmadulu Dhekunuburi,Employment-to-population ratio (%),62.4005253654899,0.4586017540892221,Employment-to-population ratio (%),62.4005253654899,0.4586017540892221
Noonu Atoll,Miladhunmadulu Dhekunuburi,Growth Rate ( 2014 to 2022),1.30519592524588,0.7877004682334908,Growth Rate ( 2014 to 2022),1.30519592524588,0.7877004682334908
Noonu Atoll,Miladhunmadulu Dhekunuburi,Inactivity rate (%),34.90079742708444,0.605095858068296,Inactivity rate (%),34.90079742708444,0.605095858068296
Noonu Atoll,Miladhunmadulu Dhekunuburi,Labour force participation rate (%),65.09920257291546,0.3949041419317037,Labour force participation rate (%),65.09920257291546,0.3949041419317037
Noonu Atoll,Miladhunmadulu Dhekunuburi,NEET rate (15-24 years) (%),22.312244004968964,0.4903515144431875,NEET rate (15-24 years) (%),22.312244004968964,0.4903515144431875
Noonu Atoll,Miladhunmadulu Dhekunuburi,NEET rate (18-35 years) (%),17.691016189998763,0.6185676912011473,NEET rate (18-35 years) (%),17.691016189998763,0.6185676912011473
Noonu Atoll,Miladhunmadulu Dhekunuburi,Population density,1894.5587125004793,0.18487688763803314,Population density,1894.5587125004793,0.18487688763803314
Noonu Atoll,Miladhunmadulu Dhekunuburi,Sex Ratio (males per 100 female),89.31306501912876,0.10345958290389011,Sex Ratio (males per 100 female),89.31306501912876,0.10345958290389011
Noonu Atoll,Miladhunmadulu Dhekunuburi,Unemployment rate (%),4.266879714029941,0.3049833665303308,Unemployment rate (%),4.266879714029941,0.3049833665303308
Noonu Atoll,Miladhunmadulu Dhekunuburi,Youth unemployment rate (15-24 years),8.777704630239185,0.3872541963719906,Youth unemployment rate (15-24 years),8.777704630239185,0.3872541963719906
Noonu Atoll,Miladhunmadulu Dhekunuburi,Youth unemployment rate (18-35years),3.95454784978945,0.2717841989364416,Youth unemployment rate (18-35years),3.95454784978945,0.2717841989364416
Raa Atoll,Maalhosmadulu Uthuruburi,Aged-Dependency Ratio,10.929423548175624,0.3796638924490521,Aged-Dependency Ratio,10.929423548175624,0.3796638924490521
Raa Atoll,Maalhosmadulu Uthuruburi,Child Dependency Ratio,51.572472604884965,0.6140056683789933,Child Dependency Ratio,51.572472604884965,0.6140056683789933
Raa Atoll,Maalhosmadulu Uthuruburi,Combined rate of unemployment and potential labour force (%),17.329214551271104,0.7154572509998428,Combined rate of unemployment and potential labour force (%),17.329214551271104,0.7154572509998428
Raa Atoll,Maalhosmadulu Uthuruburi,Dependency Ratio,62.5018961530606,0.6465520552974221,Dependency Ratio,62.5018961530606,0.6465520552974221
Raa Atoll,Maalhosmadulu Uthuruburi,Employment-to-population ratio (%),59.67722441292075,0.33742210200305717,Employment-to-population ratio (%),59.67722441292075,0.33742210200305717
Raa Atoll,Maalhosmadulu Uthuruburi,Growth Rate ( 2014 to 2022),1.85465410254031,1,Growth Rate ( 2014 to 2022),1.85465410254031,1
Raa Atoll,Maalhosmadulu Uthuruburi,Inactivity rate (%),37.46688509489333,0.7351610267433765,Inactivity rate (%),37.46688509489333,0.7351610267433765
Raa Atoll,Maalhosmadulu Uthuruburi,Labour force participation rate (%),62.533114905106586,0.2648389732566239,Labour force participation rate (%),62.533114905106586,0.2648389732566239
Raa Atoll,Maalhosmadulu Uthuruburi,NEET rate (15-24 years) (%),25.412835857784955,0.7099694856767368,NEET rate (15-24 years) (%),25.412835857784955,0.7099694856767368
Raa Atoll,Maalhosmadulu Uthuruburi,NEET rate (18-35 years) (%),18.755098532515976,0.719641212161812,NEET rate (18-35 years) (%),18.755098532515976,0.719641212161812
Raa Atoll,Maalhosmadulu Uthuruburi,Population density,2704.472430028963,0.4120848015262204,Population density,2704.472430028963,0.4120848015262204
Raa Atoll,Maalhosmadulu Uthuruburi,Sex Ratio (males per 100 female),95.20503647696147,0.19695323698926956,Sex Ratio (males per 100 female),95.20503647696147,0.19695323698926956
Raa Atoll,Maalhosmadulu Uthuruburi,Unemployment rate (%),4.660246871303174,0.3600814030185686,Unemployment rate (%),4.660246871303174,0.3600814030185686
Raa Atoll,Maalhosmadulu Uthuruburi,Youth unemployment rate (15-24 years),8.215247365315095,0.3449019881388702,Youth unemployment rate (15-24 years),8.215247365315095,0.3449019881388702
Raa Atoll,Maalhosmadulu Uthuruburi,Youth unemployment rate (18-35years),3.2264455927648497,0.18639753065430315,Youth unemployment rate (18-35years),3.2264455927648497,0.18639753065430315
Seenu Atoll,Addu Atholhu,Aged-Dependency Ratio,14.117943808524782,0.6524795656134257,Aged-Dependency Ratio,14.117943808524782,0.6524795656134257
Seenu Atoll,Addu Atholhu,Child Dependency Ratio,40.79968763808998,0.2558720771023435,Child Dependency Ratio,40.79968763808998,0.2558720771023435
Seenu Atoll,Addu Atholhu,Combined rate of unemployment and potential labour force (%),20.09720221307572,1,Combined rate of unemployment and potential labour force (%),20.09720221307572,1
Seenu Atoll,Addu Atholhu,Dependency Ratio,54.91763144661479,0.3526948135466729,Dependency Ratio,54.91763144661479,0.3526948135466729
Seenu Atoll,Addu Atholhu,Employment-to-population ratio (%),52.09425222259441,0,Employment-to-population ratio (%),52.09425222259441,0
Seenu Atoll,Addu Atholhu,Growth Rate ( 2014 to 2022),0.577067881606651,0.5063665121317885,Growth Rate ( 2014 to 2022),0.577067881606651,0.5063665121317885
Seenu Atoll,Addu Atholhu,Inactivity rate (%),42.69195826514937,1,Inactivity rate (%),42.69195826514937,1
Seenu Atoll,Addu Atholhu,Labour force participation rate (%),57.30804173485054,0,Labour force participation rate (%),57.30804173485054,0
Seenu Atoll,Addu Atholhu,NEET rate (15-24 years) (%),25.65024206013967,0.726785200544868,NEET rate (15-24 years) (%),25.65024206013967,0.726785200544868
Seenu Atoll,Addu Atholhu,NEET rate (18-35 years) (%),21.706661245209503,1,NEET rate (18-35 years) (%),21.706661245209503,1
Seenu Atoll,Addu Atholhu,Population density,2266.7056003121534,0.2892765492435893,Population density,2266.7056003121534,0.2892765492435893
Seenu Atoll,Addu Atholhu,Sex Ratio (males per 100 female),92.362553486693,0.15184878878586816,Sex Ratio (males per 100 female),92.362553486693,0.15184878878586816
Seenu Atoll,Addu Atholhu,Unemployment rate (%),9.228884438534788,1,Unemployment rate (%),9.228884438534788,1
Seenu Atoll,Addu Atholhu,Youth unemployment rate (15-24 years),16.915257385582997,1,Youth unemployment rate (15-24 years),16.915257385582997,1
Seenu Atoll,Addu Atholhu,Youth unemployment rate (18-35years),10.164130434782606,1,Youth unemployment rate (18-35years),10.164130434782606,1
Shaviyani Atoll,Miladhunmadulu Uthuruburi,Aged-Dependency Ratio,11.396795009134962,0.4196530564901412,Aged-Dependency Ratio,11.396795009134962,0.4196530564901412
Shaviyani Atoll,Miladhunmadulu Uthuruburi,Child Dependency Ratio,54.353614830666785,0.7064627680278229,Child Dependency Ratio,54.353614830666785,0.7064627680278229
Shaviyani Atoll,Miladhunmadulu Uthuruburi,Combined rate of unemployment and potential labour force (%),18.14174170842491,0.7989831691692519,Combined rate of unemployment and potential labour force (%),18.14174170842491,0.7989831691692519
Shaviyani Atoll,Miladhunmadulu Uthuruburi,Dependency Ratio,65.75040983980179,0.772417819313282,Dependency Ratio,65.75040983980179,0.772417819313282
Shaviyani Atoll,Miladhunmadulu Uthuruburi,Employment-to-population ratio (%),58.022616945549025,0.26379646872660234,Employment-to-population ratio (%),58.022616945549025,0.26379646872660234
Shaviyani Atoll,Miladhunmadulu Uthuruburi,Growth Rate ( 2014 to 2022),0.611320569116589,0.5196010581274663,Growth Rate ( 2014 to 2022),0.611320569116589,0.5196010581274663
Shaviyani Atoll,Miladhunmadulu Uthuruburi,Inactivity rate (%),39.063106379640374,0.8160673781700419,Inactivity rate (%),39.063106379640374,0.8160673781700419
Shaviyani Atoll,Miladhunmadulu Uthuruburi,Labour force participation rate (%),60.936893620359555,0.1839326218299592,Labour force participation rate (%),60.936893620359555,0.1839326218299592
Shaviyani Atoll,Miladhunmadulu Uthuruburi,NEET rate (15-24 years) (%),23.502718501322995,0.5746739941843061,NEET rate (15-24 years) (%),23.502718501322995,0.5746739941843061
Shaviyani Atoll,Miladhunmadulu Uthuruburi,NEET rate (18-35 years) (%),19.201110767499372,0.7620063799501102,NEET rate (18-35 years) (%),19.201110767499372,0.7620063799501102
Shaviyani Atoll,Miladhunmadulu Uthuruburi,Population density,1569.6790659663375,0.09373726973032932,Population density,1569.6790659663375,0.09373726973032932
Shaviyani Atoll,Miladhunmadulu Uthuruburi,Sex Ratio (males per 100 female),85.65522432929856,0.04541705934417739,Sex Ratio (males per 100 female),85.65522432929856,0.04541705934417739
Shaviyani Atoll,Miladhunmadulu Uthuruburi,Unemployment rate (%),4.895897998980078,0.3930885165794442,Unemployment rate (%),4.895897998980078,0.3930885165794442
Shaviyani Atoll,Miladhunmadulu Uthuruburi,Youth unemployment rate (15-24 years),12.623578843301999,0.6768428916695916,Youth unemployment rate (15-24 years),12.623578843301999,0.6768428916695916
Shaviyani Atoll,Miladhunmadulu Uthuruburi,Youth unemployment rate (18-35years),5.397244394527254,0.44097341667176315,Youth unemployment rate (18-35years),5.397244394527254,0.44097341667176315
Thaa Atoll,Kolhumadulu Atholhu,Aged-Dependency Ratio,10.704561257573038,0.36042426021497315,Aged-Dependency Ratio,10.704561257573038,0.36042426021497315
Thaa Atoll,Kolhumadulu Atholhu,Child Dependency Ratio,52.01440839052685,0.6286975099513852,Child Dependency Ratio,52.01440839052685,0.6286975099513852
Thaa Atoll,Kolhumadulu Atholhu,Combined rate of unemployment and potential labour force (%),14.274094472169283,0.40139795159297603,Combined rate of unemployment and potential labour force (%),14.274094472169283,0.40139795159297603
Thaa Atoll,Kolhumadulu Atholhu,Dependency Ratio,62.71896964809995,0.6549627082714995,Dependency Ratio,62.71896964809995,0.6549627082714995
Thaa Atoll,Kolhumadulu Atholhu,Employment-to-population ratio (%),64.24864068130212,0.5408379721517029,Employment-to-population ratio (%),64.24864068130212,0.5408379721517029
Thaa Atoll,Kolhumadulu Atholhu,Growth Rate ( 2014 to 2022),0.353623331123055,0.42003205501800156,Growth Rate ( 2014 to 2022),0.353623331123055,0.42003205501800156
Thaa Atoll,Kolhumadulu Atholhu,Inactivity rate (%),32.943124579367954,0.5058689094557852,Inactivity rate (%),32.943124579367954,0.5058689094557852
Thaa Atoll,Kolhumadulu Atholhu,Labour force participation rate (%),67.05687542063195,0.49413109054421495,Labour force participation rate (%),67.05687542063195,0.49413109054421495
Thaa Atoll,Kolhumadulu Atholhu,NEET rate (15-24 years) (%),24.25273630261087,0.6277984929016371,NEET rate (15-24 years) (%),24.25273630261087,0.6277984929016371
Thaa Atoll,Kolhumadulu Atholhu,NEET rate (18-35 years) (%),16.39645561163566,0.49560183553014525,NEET rate (18-35 years) (%),16.39645561163566,0.49560183553014525
Thaa Atoll,Kolhumadulu Atholhu,Population density,1723.9026651959584,0.13700215276036354,Population density,1723.9026651959584,0.13700215276036354
Thaa Atoll,Kolhumadulu Atholhu,Sex Ratio (males per 100 female),95.509239150883,0.20178031732579405,Sex Ratio (males per 100 female),95.509239150883,0.20178031732579405
Thaa Atoll,Kolhumadulu Atholhu,Unemployment rate (%),4.2252592990870905,0.299153690364499,Unemployment rate (%),4.2252592990870905,0.299153690364499
Thaa Atoll,Kolhumadulu Atholhu,Youth unemployment rate (15-24 years),11.7955366965267,0.6144925308279362,Youth unemployment rate (15-24 years),11.7955366965267,0.6144925308279362
Thaa Atoll,Kolhumadulu Atholhu,Youth unemployment rate (18-35years),4.476566519261525,0.3330028458191546,Youth unemployment rate (18-35years),4.476566519261525,0.3330028458191546
Vaavu Atoll,Felidhe Atholhu,Aged-Dependency Ratio,12.711842045408591,0.5321709058841789,Aged-Dependency Ratio,12.711842045408591,0.5321709058841789
Vaavu Atoll,Felidhe Atholhu,Child Dependency Ratio,33.10296515024762,0,Child Dependency Ratio,33.10296515024762,0
Vaavu Atoll,Felidhe Atholhu,Combined rate of unemployment and potential labour force (%),10.369357551663917,0,Combined rate of unemployment and potential labour force (%),10.369357551663917,0
Vaavu Atoll,Felidhe Atholhu,Dependency Ratio,45.814807195656215,0,Dependency Ratio,45.814807195656215,0
Vaavu Atoll,Felidhe Atholhu,Employment-to-population ratio (%),74.56750499800873,1,Employment-to-population ratio (%),74.56750499800873,1
Vaavu Atoll,Felidhe Atholhu,Growth Rate ( 2014 to 2022),-0.733473024837127,0,Growth Rate ( 2014 to 2022),-0.733473024837127,0
Vaavu Atoll,Felidhe Atholhu,Inactivity rate (%),22.962712580477987,0,Inactivity rate (%),22.962712580477987,0
Vaavu Atoll,Felidhe Atholhu,Labour force participation rate (%),77.03728741952192,1,Labour force participation rate (%),77.03728741952192,1
Vaavu Atoll,Felidhe Atholhu,NEET rate (15-24 years) (%),18.166106023435848,0.19667648232579374,NEET rate (15-24 years) (%),18.166106023435848,0.19667648232579374
Vaavu Atoll,Felidhe Atholhu,NEET rate (18-35 years) (%),11.17885601587226,0,NEET rate (18-35 years) (%),11.17885601587226,0
Vaavu Atoll,Felidhe Atholhu,Population density,2758.627872716214,0.42727721633826954,Population density,2758.627872716214,0.42727721633826954
Vaavu Atoll,Felidhe Atholhu,Sex Ratio (males per 100 female),145.8130553125852,1,Sex Ratio (males per 100 female),145.8130553125852,1
Vaavu Atoll,Felidhe Atholhu,Unemployment rate (%),3.279519152183231,0.16668603474294524,Unemployment rate (%),3.279519152183231,0.16668603474294524
Vaavu Atoll,Felidhe Atholhu,Youth unemployment rate (15-24 years),6.8800191777538,0.2443612612874534,Youth unemployment rate (15-24 years),6.8800191777538,0.2443612612874534
Vaavu Atoll,Felidhe Atholhu,Youth unemployment rate (18-35years),3.254769464571625,0.1897191534388748,Youth unemployment rate (18-35years),3.254769464571625,0.1897191534388748
